material,sigma_px,seed,fraction_of_pso_qe,n_steps_horizon,reach_status,n_sim,t_pso_min,alpha_min_per_step,target_qt_mg_g,qe_pso_mg_g
GO,1.5,1,0.1,1000,reached,18,1.4445022245334258,0.08025012358519032,38.46000000000001,384.6
GO,1.5,1,0.2,1000,reached,39,3.250130005200208,0.08333666680000533,76.92000000000002,384.6
GO,1.5,1,0.3,1000,reached,112,5.5716514374860715,0.049746887834697065,115.38,384.6
GO,1.5,1,0.4,1000,reached,168,8.667013347200555,0.05158936516190807,153.84000000000003,384.6
GO,1.5,1,0.5,1000,reached,216,13.000520020800831,0.06018759268889274,192.3,384.6
GO,1.5,1,0.6,1000,reached,328,19.500780031201245,0.05945359765610136,230.76,384.6
GO,1.5,1,0.7,1000,reached,489,30.334546715201935,0.06203383786339864,269.21999999999997,384.6
GO,1.5,1,0.8,1000,reached,763,52.002080083203346,0.06815475764508958,307.68000000000006,384.6
GO,1.5,1,0.9,1000,not_reached,,,,346.14000000000004,384.6
GO,1.5,2,0.1,1000,reached,16,1.4445022245334258,0.09028138903333911,38.46000000000001,384.6
GO,1.5,2,0.2,1000,reached,40,3.250130005200208,0.0812532501300052,76.92000000000002,384.6
GO,1.5,2,0.3,1000,reached,60,5.5716514374860715,0.09286085729143452,115.38,384.6
GO,1.5,2,0.4,1000,reached,102,8.667013347200555,0.08497071909020153,153.84000000000003,384.6
GO,1.5,2,0.5,1000,reached,186,13.000520020800831,0.06989526892903673,192.3,384.6
GO,1.5,2,0.6,1000,reached,281,19.500780031201245,0.0693977937053425,230.76,384.6
GO,1.5,2,0.7,1000,reached,511,30.334546715201935,0.059363105117812,269.21999999999997,384.6
GO,1.5,2,0.8,1000,reached,741,52.002080083203346,0.07017824572632031,307.68000000000006,384.6
GO,1.5,2,0.9,1000,not_reached,,,,346.14000000000004,384.6
GO,1.5,3,0.1,1000,reached,18,1.4445022245334258,0.08025012358519032,38.46000000000001,384.6
GO,1.5,3,0.2,1000,reached,34,3.250130005200208,0.0955920589764767,76.92000000000002,384.6
GO,1.5,3,0.3,1000,reached,79,5.5716514374860715,0.07052723338589964,115.38,384.6
GO,1.5,3,0.4,1000,reached,118,8.667013347200555,0.073449265654242,153.84000000000003,384.6
GO,1.5,3,0.5,1000,reached,191,13.000520020800831,0.06806554984712478,192.3,384.6
GO,1.5,3,0.6,1000,reached,316,19.500780031201245,0.06171132921266217,230.76,384.6
GO,1.5,3,0.7,1000,reached,484,30.334546715201935,0.06267468329587177,269.21999999999997,384.6
GO,1.5,3,0.8,1000,reached,614,52.002080083203346,0.08469394150358851,307.68000000000006,384.6
GO,1.5,3,0.9,1000,not_reached,,,,346.14000000000004,384.6
GO,1.5,4,0.1,1000,reached,27,1.4445022245334258,0.05350008239012688,38.46000000000001,384.6
GO,1.5,4,0.2,1000,reached,49,3.250130005200208,0.06632918377959608,76.92000000000002,384.6
GO,1.5,4,0.3,1000,reached,71,5.5716514374860715,0.07847396390825453,115.38,384.6
GO,1.5,4,0.4,1000,reached,121,8.667013347200555,0.07162820948099632,153.84000000000003,384.6
GO,1.5,4,0.5,1000,reached,191,13.000520020800831,0.06806554984712478,192.3,384.6
GO,1.5,4,0.6,1000,reached,247,19.500780031201245,0.0789505264421103,230.76,384.6
GO,1.5,4,0.7,1000,reached,386,30.334546715201935,0.07858690858860605,269.21999999999997,384.6
GO,1.5,4,0.8,1000,reached,648,52.002080083203346,0.08025012358519035,307.68000000000006,384.6
GO,1.5,4,0.9,1000,not_reached,,,,346.14000000000004,384.6
GO,1.5,5,0.1,1000,reached,15,1.4445022245334258,0.09630014830222838,38.46000000000001,384.6
GO,1.5,5,0.2,1000,reached,26,3.250130005200208,0.125005000200008,76.92000000000002,384.6
GO,1.5,5,0.3,1000,reached,74,5.5716514374860715,0.07529258699305502,115.38,384.6
GO,1.5,5,0.4,1000,reached,118,8.667013347200555,0.073449265654242,153.84000000000003,384.6
GO,1.5,5,0.5,1000,reached,163,13.000520020800831,0.0797577915386554,192.3,384.6
GO,1.5,5,0.6,1000,reached,263,19.500780031201245,0.0741474525901188,230.76,384.6
GO,1.5,5,0.7,1000,reached,402,30.334546715201935,0.07545907143085058,269.21999999999997,384.6
GO,1.5,5,0.8,1000,reached,558,52.002080083203346,0.09319369190538233,307.68000000000006,384.6
GO,1.5,5,0.9,1000,not_reached,,,,346.14000000000004,384.6
GO,1.5,1,0.1,1500,reached,18,1.4445022245334258,0.08025012358519032,38.46000000000001,384.6
GO,1.5,1,0.2,1500,reached,39,3.250130005200208,0.08333666680000533,76.92000000000002,384.6
GO,1.5,1,0.3,1500,reached,112,5.5716514374860715,0.049746887834697065,115.38,384.6
GO,1.5,1,0.4,1500,reached,168,8.667013347200555,0.05158936516190807,153.84000000000003,384.6
GO,1.5,1,0.5,1500,reached,216,13.000520020800831,0.06018759268889274,192.3,384.6
GO,1.5,1,0.6,1500,reached,328,19.500780031201245,0.05945359765610136,230.76,384.6
GO,1.5,1,0.7,1500,reached,489,30.334546715201935,0.06203383786339864,269.21999999999997,384.6
GO,1.5,1,0.8,1500,reached,763,52.002080083203346,0.06815475764508958,307.68000000000006,384.6
GO,1.5,1,0.9,1500,reached,1352,117.00468018720751,0.08654192321539017,346.14000000000004,384.6
GO,1.5,2,0.1,1500,reached,16,1.4445022245334258,0.09028138903333911,38.46000000000001,384.6
GO,1.5,2,0.2,1500,reached,40,3.250130005200208,0.0812532501300052,76.92000000000002,384.6
GO,1.5,2,0.3,1500,reached,60,5.5716514374860715,0.09286085729143452,115.38,384.6
GO,1.5,2,0.4,1500,reached,102,8.667013347200555,0.08497071909020153,153.84000000000003,384.6
GO,1.5,2,0.5,1500,reached,186,13.000520020800831,0.06989526892903673,192.3,384.6
GO,1.5,2,0.6,1500,reached,281,19.500780031201245,0.0693977937053425,230.76,384.6
GO,1.5,2,0.7,1500,reached,511,30.334546715201935,0.059363105117812,269.21999999999997,384.6
GO,1.5,2,0.8,1500,reached,741,52.002080083203346,0.07017824572632031,307.68000000000006,384.6
GO,1.5,2,0.9,1500,reached,1332,117.00468018720751,0.08784135149189753,346.14000000000004,384.6
GO,1.5,3,0.1,1500,reached,18,1.4445022245334258,0.08025012358519032,38.46000000000001,384.6
GO,1.5,3,0.2,1500,reached,34,3.250130005200208,0.0955920589764767,76.92000000000002,384.6
GO,1.5,3,0.3,1500,reached,79,5.5716514374860715,0.07052723338589964,115.38,384.6
GO,1.5,3,0.4,1500,reached,118,8.667013347200555,0.073449265654242,153.84000000000003,384.6
GO,1.5,3,0.5,1500,reached,191,13.000520020800831,0.06806554984712478,192.3,384.6
GO,1.5,3,0.6,1500,reached,316,19.500780031201245,0.06171132921266217,230.76,384.6
GO,1.5,3,0.7,1500,reached,484,30.334546715201935,0.06267468329587177,269.21999999999997,384.6
GO,1.5,3,0.8,1500,reached,614,52.002080083203346,0.08469394150358851,307.68000000000006,384.6
GO,1.5,3,0.9,1500,reached,1444,117.00468018720751,0.08102817187479745,346.14000000000004,384.6
GO,1.5,4,0.1,1500,reached,27,1.4445022245334258,0.05350008239012688,38.46000000000001,384.6
GO,1.5,4,0.2,1500,reached,49,3.250130005200208,0.06632918377959608,76.92000000000002,384.6
GO,1.5,4,0.3,1500,reached,71,5.5716514374860715,0.07847396390825453,115.38,384.6
GO,1.5,4,0.4,1500,reached,121,8.667013347200555,0.07162820948099632,153.84000000000003,384.6
GO,1.5,4,0.5,1500,reached,191,13.000520020800831,0.06806554984712478,192.3,384.6
GO,1.5,4,0.6,1500,reached,247,19.500780031201245,0.0789505264421103,230.76,384.6
GO,1.5,4,0.7,1500,reached,386,30.334546715201935,0.07858690858860605,269.21999999999997,384.6
GO,1.5,4,0.8,1500,reached,648,52.002080083203346,0.08025012358519035,307.68000000000006,384.6
GO,1.5,4,0.9,1500,reached,1045,117.00468018720751,0.11196620113608374,346.14000000000004,384.6
GO,1.5,5,0.1,1500,reached,15,1.4445022245334258,0.09630014830222838,38.46000000000001,384.6
GO,1.5,5,0.2,1500,reached,26,3.250130005200208,0.125005000200008,76.92000000000002,384.6
GO,1.5,5,0.3,1500,reached,74,5.5716514374860715,0.07529258699305502,115.38,384.6
GO,1.5,5,0.4,1500,reached,118,8.667013347200555,0.073449265654242,153.84000000000003,384.6
GO,1.5,5,0.5,1500,reached,163,13.000520020800831,0.0797577915386554,192.3,384.6
GO,1.5,5,0.6,1500,reached,263,19.500780031201245,0.0741474525901188,230.76,384.6
GO,1.5,5,0.7,1500,reached,402,30.334546715201935,0.07545907143085058,269.21999999999997,384.6
GO,1.5,5,0.8,1500,reached,558,52.002080083203346,0.09319369190538233,307.68000000000006,384.6
GO,1.5,5,0.9,1500,reached,1246,117.00468018720751,0.09390423771043942,346.14000000000004,384.6
GO,1.5,1,0.1,2000,reached,18,1.4445022245334258,0.08025012358519032,38.46000000000001,384.6
GO,1.5,1,0.2,2000,reached,39,3.250130005200208,0.08333666680000533,76.92000000000002,384.6
GO,1.5,1,0.3,2000,reached,112,5.5716514374860715,0.049746887834697065,115.38,384.6
GO,1.5,1,0.4,2000,reached,168,8.667013347200555,0.05158936516190807,153.84000000000003,384.6
GO,1.5,1,0.5,2000,reached,216,13.000520020800831,0.06018759268889274,192.3,384.6
GO,1.5,1,0.6,2000,reached,328,19.500780031201245,0.05945359765610136,230.76,384.6
GO,1.5,1,0.7,2000,reached,489,30.334546715201935,0.06203383786339864,269.21999999999997,384.6
GO,1.5,1,0.8,2000,reached,763,52.002080083203346,0.06815475764508958,307.68000000000006,384.6
GO,1.5,1,0.9,2000,reached,1352,117.00468018720751,0.08654192321539017,346.14000000000004,384.6
GO,1.5,2,0.1,2000,reached,16,1.4445022245334258,0.09028138903333911,38.46000000000001,384.6
GO,1.5,2,0.2,2000,reached,40,3.250130005200208,0.0812532501300052,76.92000000000002,384.6
GO,1.5,2,0.3,2000,reached,60,5.5716514374860715,0.09286085729143452,115.38,384.6
GO,1.5,2,0.4,2000,reached,102,8.667013347200555,0.08497071909020153,153.84000000000003,384.6
GO,1.5,2,0.5,2000,reached,186,13.000520020800831,0.06989526892903673,192.3,384.6
GO,1.5,2,0.6,2000,reached,281,19.500780031201245,0.0693977937053425,230.76,384.6
GO,1.5,2,0.7,2000,reached,511,30.334546715201935,0.059363105117812,269.21999999999997,384.6
GO,1.5,2,0.8,2000,reached,741,52.002080083203346,0.07017824572632031,307.68000000000006,384.6
GO,1.5,2,0.9,2000,reached,1332,117.00468018720751,0.08784135149189753,346.14000000000004,384.6
GO,1.5,3,0.1,2000,reached,18,1.4445022245334258,0.08025012358519032,38.46000000000001,384.6
GO,1.5,3,0.2,2000,reached,34,3.250130005200208,0.0955920589764767,76.92000000000002,384.6
GO,1.5,3,0.3,2000,reached,79,5.5716514374860715,0.07052723338589964,115.38,384.6
GO,1.5,3,0.4,2000,reached,118,8.667013347200555,0.073449265654242,153.84000000000003,384.6
GO,1.5,3,0.5,2000,reached,191,13.000520020800831,0.06806554984712478,192.3,384.6
GO,1.5,3,0.6,2000,reached,316,19.500780031201245,0.06171132921266217,230.76,384.6
GO,1.5,3,0.7,2000,reached,484,30.334546715201935,0.06267468329587177,269.21999999999997,384.6
GO,1.5,3,0.8,2000,reached,614,52.002080083203346,0.08469394150358851,307.68000000000006,384.6
GO,1.5,3,0.9,2000,reached,1444,117.00468018720751,0.08102817187479745,346.14000000000004,384.6
GO,1.5,4,0.1,2000,reached,27,1.4445022245334258,0.05350008239012688,38.46000000000001,384.6
GO,1.5,4,0.2,2000,reached,49,3.250130005200208,0.06632918377959608,76.92000000000002,384.6
GO,1.5,4,0.3,2000,reached,71,5.5716514374860715,0.07847396390825453,115.38,384.6
GO,1.5,4,0.4,2000,reached,121,8.667013347200555,0.07162820948099632,153.84000000000003,384.6
GO,1.5,4,0.5,2000,reached,191,13.000520020800831,0.06806554984712478,192.3,384.6
GO,1.5,4,0.6,2000,reached,247,19.500780031201245,0.0789505264421103,230.76,384.6
GO,1.5,4,0.7,2000,reached,386,30.334546715201935,0.07858690858860605,269.21999999999997,384.6
GO,1.5,4,0.8,2000,reached,648,52.002080083203346,0.08025012358519035,307.68000000000006,384.6
GO,1.5,4,0.9,2000,reached,1045,117.00468018720751,0.11196620113608374,346.14000000000004,384.6
GO,1.5,5,0.1,2000,reached,15,1.4445022245334258,0.09630014830222838,38.46000000000001,384.6
GO,1.5,5,0.2,2000,reached,26,3.250130005200208,0.125005000200008,76.92000000000002,384.6
GO,1.5,5,0.3,2000,reached,74,5.5716514374860715,0.07529258699305502,115.38,384.6
GO,1.5,5,0.4,2000,reached,118,8.667013347200555,0.073449265654242,153.84000000000003,384.6
GO,1.5,5,0.5,2000,reached,163,13.000520020800831,0.0797577915386554,192.3,384.6
GO,1.5,5,0.6,2000,reached,263,19.500780031201245,0.0741474525901188,230.76,384.6
GO,1.5,5,0.7,2000,reached,402,30.334546715201935,0.07545907143085058,269.21999999999997,384.6
GO,1.5,5,0.8,2000,reached,558,52.002080083203346,0.09319369190538233,307.68000000000006,384.6
GO,1.5,5,0.9,2000,reached,1246,117.00468018720751,0.09390423771043942,346.14000000000004,384.6
GO,1.5,1,0.1,200,reached,18,1.4445022245334258,0.08025012358519032,38.46000000000001,384.6
GO,1.5,1,0.2,200,reached,39,3.250130005200208,0.08333666680000533,76.92000000000002,384.6
GO,1.5,1,0.3,200,reached,112,5.5716514374860715,0.049746887834697065,115.38,384.6
GO,1.5,1,0.4,200,reached,168,8.667013347200555,0.05158936516190807,153.84000000000003,384.6
GO,1.5,1,0.5,200,not_reached,,,,192.3,384.6
GO,1.5,1,0.6,200,not_reached,,,,230.76,384.6
GO,1.5,1,0.7,200,not_reached,,,,269.21999999999997,384.6
GO,1.5,1,0.8,200,not_reached,,,,307.68000000000006,384.6
GO,1.5,1,0.9,200,not_reached,,,,346.14000000000004,384.6
GO,1.5,2,0.1,200,reached,16,1.4445022245334258,0.09028138903333911,38.46000000000001,384.6
GO,1.5,2,0.2,200,reached,40,3.250130005200208,0.0812532501300052,76.92000000000002,384.6
GO,1.5,2,0.3,200,reached,60,5.5716514374860715,0.09286085729143452,115.38,384.6
GO,1.5,2,0.4,200,reached,102,8.667013347200555,0.08497071909020153,153.84000000000003,384.6
GO,1.5,2,0.5,200,reached,186,13.000520020800831,0.06989526892903673,192.3,384.6
GO,1.5,2,0.6,200,not_reached,,,,230.76,384.6
GO,1.5,2,0.7,200,not_reached,,,,269.21999999999997,384.6
GO,1.5,2,0.8,200,not_reached,,,,307.68000000000006,384.6
GO,1.5,2,0.9,200,not_reached,,,,346.14000000000004,384.6
GO,1.5,3,0.1,200,reached,18,1.4445022245334258,0.08025012358519032,38.46000000000001,384.6
GO,1.5,3,0.2,200,reached,34,3.250130005200208,0.0955920589764767,76.92000000000002,384.6
GO,1.5,3,0.3,200,reached,79,5.5716514374860715,0.07052723338589964,115.38,384.6
GO,1.5,3,0.4,200,reached,118,8.667013347200555,0.073449265654242,153.84000000000003,384.6
GO,1.5,3,0.5,200,reached,191,13.000520020800831,0.06806554984712478,192.3,384.6
GO,1.5,3,0.6,200,not_reached,,,,230.76,384.6
GO,1.5,3,0.7,200,not_reached,,,,269.21999999999997,384.6
GO,1.5,3,0.8,200,not_reached,,,,307.68000000000006,384.6
GO,1.5,3,0.9,200,not_reached,,,,346.14000000000004,384.6
GO,1.5,4,0.1,200,reached,27,1.4445022245334258,0.05350008239012688,38.46000000000001,384.6
GO,1.5,4,0.2,200,reached,49,3.250130005200208,0.06632918377959608,76.92000000000002,384.6
GO,1.5,4,0.3,200,reached,71,5.5716514374860715,0.07847396390825453,115.38,384.6
GO,1.5,4,0.4,200,reached,121,8.667013347200555,0.07162820948099632,153.84000000000003,384.6
GO,1.5,4,0.5,200,reached,191,13.000520020800831,0.06806554984712478,192.3,384.6
GO,1.5,4,0.6,200,not_reached,,,,230.76,384.6
GO,1.5,4,0.7,200,not_reached,,,,269.21999999999997,384.6
GO,1.5,4,0.8,200,not_reached,,,,307.68000000000006,384.6
GO,1.5,4,0.9,200,not_reached,,,,346.14000000000004,384.6
GO,1.5,5,0.1,200,reached,15,1.4445022245334258,0.09630014830222838,38.46000000000001,384.6
GO,1.5,5,0.2,200,reached,26,3.250130005200208,0.125005000200008,76.92000000000002,384.6
GO,1.5,5,0.3,200,reached,74,5.5716514374860715,0.07529258699305502,115.38,384.6
GO,1.5,5,0.4,200,reached,118,8.667013347200555,0.073449265654242,153.84000000000003,384.6
GO,1.5,5,0.5,200,reached,163,13.000520020800831,0.0797577915386554,192.3,384.6
GO,1.5,5,0.6,200,not_reached,,,,230.76,384.6
GO,1.5,5,0.7,200,not_reached,,,,269.21999999999997,384.6
GO,1.5,5,0.8,200,not_reached,,,,307.68000000000006,384.6
GO,1.5,5,0.9,200,not_reached,,,,346.14000000000004,384.6
GO,1.5,1,0.1,400,reached,18,1.4445022245334258,0.08025012358519032,38.46000000000001,384.6
GO,1.5,1,0.2,400,reached,39,3.250130005200208,0.08333666680000533,76.92000000000002,384.6
GO,1.5,1,0.3,400,reached,112,5.5716514374860715,0.049746887834697065,115.38,384.6
GO,1.5,1,0.4,400,reached,168,8.667013347200555,0.05158936516190807,153.84000000000003,384.6
GO,1.5,1,0.5,400,reached,216,13.000520020800831,0.06018759268889274,192.3,384.6
GO,1.5,1,0.6,400,reached,328,19.500780031201245,0.05945359765610136,230.76,384.6
GO,1.5,1,0.7,400,not_reached,,,,269.21999999999997,384.6
GO,1.5,1,0.8,400,not_reached,,,,307.68000000000006,384.6
GO,1.5,1,0.9,400,not_reached,,,,346.14000000000004,384.6
GO,1.5,2,0.1,400,reached,16,1.4445022245334258,0.09028138903333911,38.46000000000001,384.6
GO,1.5,2,0.2,400,reached,40,3.250130005200208,0.0812532501300052,76.92000000000002,384.6
GO,1.5,2,0.3,400,reached,60,5.5716514374860715,0.09286085729143452,115.38,384.6
GO,1.5,2,0.4,400,reached,102,8.667013347200555,0.08497071909020153,153.84000000000003,384.6
GO,1.5,2,0.5,400,reached,186,13.000520020800831,0.06989526892903673,192.3,384.6
GO,1.5,2,0.6,400,reached,281,19.500780031201245,0.0693977937053425,230.76,384.6
GO,1.5,2,0.7,400,not_reached,,,,269.21999999999997,384.6
GO,1.5,2,0.8,400,not_reached,,,,307.68000000000006,384.6
GO,1.5,2,0.9,400,not_reached,,,,346.14000000000004,384.6
GO,1.5,3,0.1,400,reached,18,1.4445022245334258,0.08025012358519032,38.46000000000001,384.6
GO,1.5,3,0.2,400,reached,34,3.250130005200208,0.0955920589764767,76.92000000000002,384.6
GO,1.5,3,0.3,400,reached,79,5.5716514374860715,0.07052723338589964,115.38,384.6
GO,1.5,3,0.4,400,reached,118,8.667013347200555,0.073449265654242,153.84000000000003,384.6
GO,1.5,3,0.5,400,reached,191,13.000520020800831,0.06806554984712478,192.3,384.6
GO,1.5,3,0.6,400,reached,316,19.500780031201245,0.06171132921266217,230.76,384.6
GO,1.5,3,0.7,400,not_reached,,,,269.21999999999997,384.6
GO,1.5,3,0.8,400,not_reached,,,,307.68000000000006,384.6
GO,1.5,3,0.9,400,not_reached,,,,346.14000000000004,384.6
GO,1.5,4,0.1,400,reached,27,1.4445022245334258,0.05350008239012688,38.46000000000001,384.6
GO,1.5,4,0.2,400,reached,49,3.250130005200208,0.06632918377959608,76.92000000000002,384.6
GO,1.5,4,0.3,400,reached,71,5.5716514374860715,0.07847396390825453,115.38,384.6
GO,1.5,4,0.4,400,reached,121,8.667013347200555,0.07162820948099632,153.84000000000003,384.6
GO,1.5,4,0.5,400,reached,191,13.000520020800831,0.06806554984712478,192.3,384.6
GO,1.5,4,0.6,400,reached,247,19.500780031201245,0.0789505264421103,230.76,384.6
GO,1.5,4,0.7,400,reached,386,30.334546715201935,0.07858690858860605,269.21999999999997,384.6
GO,1.5,4,0.8,400,not_reached,,,,307.68000000000006,384.6
GO,1.5,4,0.9,400,not_reached,,,,346.14000000000004,384.6
GO,1.5,5,0.1,400,reached,15,1.4445022245334258,0.09630014830222838,38.46000000000001,384.6
GO,1.5,5,0.2,400,reached,26,3.250130005200208,0.125005000200008,76.92000000000002,384.6
GO,1.5,5,0.3,400,reached,74,5.5716514374860715,0.07529258699305502,115.38,384.6
GO,1.5,5,0.4,400,reached,118,8.667013347200555,0.073449265654242,153.84000000000003,384.6
GO,1.5,5,0.5,400,reached,163,13.000520020800831,0.0797577915386554,192.3,384.6
GO,1.5,5,0.6,400,reached,263,19.500780031201245,0.0741474525901188,230.76,384.6
GO,1.5,5,0.7,400,not_reached,,,,269.21999999999997,384.6
GO,1.5,5,0.8,400,not_reached,,,,307.68000000000006,384.6
GO,1.5,5,0.9,400,not_reached,,,,346.14000000000004,384.6
GO,1.5,1,0.1,600,reached,18,1.4445022245334258,0.08025012358519032,38.46000000000001,384.6
GO,1.5,1,0.2,600,reached,39,3.250130005200208,0.08333666680000533,76.92000000000002,384.6
GO,1.5,1,0.3,600,reached,112,5.5716514374860715,0.049746887834697065,115.38,384.6
GO,1.5,1,0.4,600,reached,168,8.667013347200555,0.05158936516190807,153.84000000000003,384.6
GO,1.5,1,0.5,600,reached,216,13.000520020800831,0.06018759268889274,192.3,384.6
GO,1.5,1,0.6,600,reached,328,19.500780031201245,0.05945359765610136,230.76,384.6
GO,1.5,1,0.7,600,reached,489,30.334546715201935,0.06203383786339864,269.21999999999997,384.6
GO,1.5,1,0.8,600,not_reached,,,,307.68000000000006,384.6
GO,1.5,1,0.9,600,not_reached,,,,346.14000000000004,384.6
GO,1.5,2,0.1,600,reached,16,1.4445022245334258,0.09028138903333911,38.46000000000001,384.6
GO,1.5,2,0.2,600,reached,40,3.250130005200208,0.0812532501300052,76.92000000000002,384.6
GO,1.5,2,0.3,600,reached,60,5.5716514374860715,0.09286085729143452,115.38,384.6
GO,1.5,2,0.4,600,reached,102,8.667013347200555,0.08497071909020153,153.84000000000003,384.6
GO,1.5,2,0.5,600,reached,186,13.000520020800831,0.06989526892903673,192.3,384.6
GO,1.5,2,0.6,600,reached,281,19.500780031201245,0.0693977937053425,230.76,384.6
GO,1.5,2,0.7,600,reached,511,30.334546715201935,0.059363105117812,269.21999999999997,384.6
GO,1.5,2,0.8,600,not_reached,,,,307.68000000000006,384.6
GO,1.5,2,0.9,600,not_reached,,,,346.14000000000004,384.6
GO,1.5,3,0.1,600,reached,18,1.4445022245334258,0.08025012358519032,38.46000000000001,384.6
GO,1.5,3,0.2,600,reached,34,3.250130005200208,0.0955920589764767,76.92000000000002,384.6
GO,1.5,3,0.3,600,reached,79,5.5716514374860715,0.07052723338589964,115.38,384.6
GO,1.5,3,0.4,600,reached,118,8.667013347200555,0.073449265654242,153.84000000000003,384.6
GO,1.5,3,0.5,600,reached,191,13.000520020800831,0.06806554984712478,192.3,384.6
GO,1.5,3,0.6,600,reached,316,19.500780031201245,0.06171132921266217,230.76,384.6
GO,1.5,3,0.7,600,reached,484,30.334546715201935,0.06267468329587177,269.21999999999997,384.6
GO,1.5,3,0.8,600,not_reached,,,,307.68000000000006,384.6
GO,1.5,3,0.9,600,not_reached,,,,346.14000000000004,384.6
GO,1.5,4,0.1,600,reached,27,1.4445022245334258,0.05350008239012688,38.46000000000001,384.6
GO,1.5,4,0.2,600,reached,49,3.250130005200208,0.06632918377959608,76.92000000000002,384.6
GO,1.5,4,0.3,600,reached,71,5.5716514374860715,0.07847396390825453,115.38,384.6
GO,1.5,4,0.4,600,reached,121,8.667013347200555,0.07162820948099632,153.84000000000003,384.6
GO,1.5,4,0.5,600,reached,191,13.000520020800831,0.06806554984712478,192.3,384.6
GO,1.5,4,0.6,600,reached,247,19.500780031201245,0.0789505264421103,230.76,384.6
GO,1.5,4,0.7,600,reached,386,30.334546715201935,0.07858690858860605,269.21999999999997,384.6
GO,1.5,4,0.8,600,not_reached,,,,307.68000000000006,384.6
GO,1.5,4,0.9,600,not_reached,,,,346.14000000000004,384.6
GO,1.5,5,0.1,600,reached,15,1.4445022245334258,0.09630014830222838,38.46000000000001,384.6
GO,1.5,5,0.2,600,reached,26,3.250130005200208,0.125005000200008,76.92000000000002,384.6
GO,1.5,5,0.3,600,reached,74,5.5716514374860715,0.07529258699305502,115.38,384.6
GO,1.5,5,0.4,600,reached,118,8.667013347200555,0.073449265654242,153.84000000000003,384.6
GO,1.5,5,0.5,600,reached,163,13.000520020800831,0.0797577915386554,192.3,384.6
GO,1.5,5,0.6,600,reached,263,19.500780031201245,0.0741474525901188,230.76,384.6
GO,1.5,5,0.7,600,reached,402,30.334546715201935,0.07545907143085058,269.21999999999997,384.6
GO,1.5,5,0.8,600,reached,558,52.002080083203346,0.09319369190538233,307.68000000000006,384.6
GO,1.5,5,0.9,600,not_reached,,,,346.14000000000004,384.6
GO,1.5,1,0.1,800,reached,18,1.4445022245334258,0.08025012358519032,38.46000000000001,384.6
GO,1.5,1,0.2,800,reached,39,3.250130005200208,0.08333666680000533,76.92000000000002,384.6
GO,1.5,1,0.3,800,reached,112,5.5716514374860715,0.049746887834697065,115.38,384.6
GO,1.5,1,0.4,800,reached,168,8.667013347200555,0.05158936516190807,153.84000000000003,384.6
GO,1.5,1,0.5,800,reached,216,13.000520020800831,0.06018759268889274,192.3,384.6
GO,1.5,1,0.6,800,reached,328,19.500780031201245,0.05945359765610136,230.76,384.6
GO,1.5,1,0.7,800,reached,489,30.334546715201935,0.06203383786339864,269.21999999999997,384.6
GO,1.5,1,0.8,800,reached,763,52.002080083203346,0.06815475764508958,307.68000000000006,384.6
GO,1.5,1,0.9,800,not_reached,,,,346.14000000000004,384.6
GO,1.5,2,0.1,800,reached,16,1.4445022245334258,0.09028138903333911,38.46000000000001,384.6
GO,1.5,2,0.2,800,reached,40,3.250130005200208,0.0812532501300052,76.92000000000002,384.6
GO,1.5,2,0.3,800,reached,60,5.5716514374860715,0.09286085729143452,115.38,384.6
GO,1.5,2,0.4,800,reached,102,8.667013347200555,0.08497071909020153,153.84000000000003,384.6
GO,1.5,2,0.5,800,reached,186,13.000520020800831,0.06989526892903673,192.3,384.6
GO,1.5,2,0.6,800,reached,281,19.500780031201245,0.0693977937053425,230.76,384.6
GO,1.5,2,0.7,800,reached,511,30.334546715201935,0.059363105117812,269.21999999999997,384.6
GO,1.5,2,0.8,800,reached,741,52.002080083203346,0.07017824572632031,307.68000000000006,384.6
GO,1.5,2,0.9,800,not_reached,,,,346.14000000000004,384.6
GO,1.5,3,0.1,800,reached,18,1.4445022245334258,0.08025012358519032,38.46000000000001,384.6
GO,1.5,3,0.2,800,reached,34,3.250130005200208,0.0955920589764767,76.92000000000002,384.6
GO,1.5,3,0.3,800,reached,79,5.5716514374860715,0.07052723338589964,115.38,384.6
GO,1.5,3,0.4,800,reached,118,8.667013347200555,0.073449265654242,153.84000000000003,384.6
GO,1.5,3,0.5,800,reached,191,13.000520020800831,0.06806554984712478,192.3,384.6
GO,1.5,3,0.6,800,reached,316,19.500780031201245,0.06171132921266217,230.76,384.6
GO,1.5,3,0.7,800,reached,484,30.334546715201935,0.06267468329587177,269.21999999999997,384.6
GO,1.5,3,0.8,800,reached,614,52.002080083203346,0.08469394150358851,307.68000000000006,384.6
GO,1.5,3,0.9,800,not_reached,,,,346.14000000000004,384.6
GO,1.5,4,0.1,800,reached,27,1.4445022245334258,0.05350008239012688,38.46000000000001,384.6
GO,1.5,4,0.2,800,reached,49,3.250130005200208,0.06632918377959608,76.92000000000002,384.6
GO,1.5,4,0.3,800,reached,71,5.5716514374860715,0.07847396390825453,115.38,384.6
GO,1.5,4,0.4,800,reached,121,8.667013347200555,0.07162820948099632,153.84000000000003,384.6
GO,1.5,4,0.5,800,reached,191,13.000520020800831,0.06806554984712478,192.3,384.6
GO,1.5,4,0.6,800,reached,247,19.500780031201245,0.0789505264421103,230.76,384.6
GO,1.5,4,0.7,800,reached,386,30.334546715201935,0.07858690858860605,269.21999999999997,384.6
GO,1.5,4,0.8,800,reached,648,52.002080083203346,0.08025012358519035,307.68000000000006,384.6
GO,1.5,4,0.9,800,not_reached,,,,346.14000000000004,384.6
GO,1.5,5,0.1,800,reached,15,1.4445022245334258,0.09630014830222838,38.46000000000001,384.6
GO,1.5,5,0.2,800,reached,26,3.250130005200208,0.125005000200008,76.92000000000002,384.6
GO,1.5,5,0.3,800,reached,74,5.5716514374860715,0.07529258699305502,115.38,384.6
GO,1.5,5,0.4,800,reached,118,8.667013347200555,0.073449265654242,153.84000000000003,384.6
GO,1.5,5,0.5,800,reached,163,13.000520020800831,0.0797577915386554,192.3,384.6
GO,1.5,5,0.6,800,reached,263,19.500780031201245,0.0741474525901188,230.76,384.6
GO,1.5,5,0.7,800,reached,402,30.334546715201935,0.07545907143085058,269.21999999999997,384.6
GO,1.5,5,0.8,800,reached,558,52.002080083203346,0.09319369190538233,307.68000000000006,384.6
GO,1.5,5,0.9,800,not_reached,,,,346.14000000000004,384.6
GO,1.0,1,0.1,1000,reached,47,1.4445022245334258,0.030734089883689912,38.46000000000001,384.6
GO,1.0,1,0.2,1000,reached,96,3.250130005200208,0.03385552088750216,76.92000000000002,384.6
GO,1.0,1,0.3,1000,reached,186,5.5716514374860715,0.029955115255301458,115.38,384.6
GO,1.0,1,0.4,1000,reached,273,8.667013347200555,0.031747301638097275,153.84000000000003,384.6
GO,1.0,1,0.5,1000,reached,426,13.000520020800831,0.030517652630987865,192.3,384.6
GO,1.0,1,0.6,1000,reached,633,19.500780031201245,0.030806919480570686,230.76,384.6
GO,1.0,1,0.7,1000,not_reached,,,,269.21999999999997,384.6
GO,1.0,1,0.8,1000,not_reached,,,,307.68000000000006,384.6
GO,1.0,1,0.9,1000,not_reached,,,,346.14000000000004,384.6
GO,1.0,2,0.1,1000,reached,36,1.4445022245334258,0.04012506179259516,38.46000000000001,384.6
GO,1.0,2,0.2,1000,reached,76,3.250130005200208,0.042764868489476415,76.92000000000002,384.6
GO,1.0,2,0.3,1000,reached,126,5.5716514374860715,0.04421945585306406,115.38,384.6
GO,1.0,2,0.4,1000,reached,195,8.667013347200555,0.04444622229333618,153.84000000000003,384.6
GO,1.0,2,0.5,1000,reached,304,13.000520020800831,0.042764868489476415,192.3,384.6
GO,1.0,2,0.6,1000,reached,481,19.500780031201245,0.04054216222702962,230.76,384.6
GO,1.0,2,0.7,1000,reached,786,30.334546715201935,0.03859357088448083,269.21999999999997,384.6
GO,1.0,2,0.8,1000,not_reached,,,,307.68000000000006,384.6
GO,1.0,2,0.9,1000,not_reached,,,,346.14000000000004,384.6
GO,1.0,3,0.1,1000,reached,41,1.4445022245334258,0.035231761573986,38.46000000000001,384.6
GO,1.0,3,0.2,1000,reached,125,3.250130005200208,0.026001040041601663,76.92000000000002,384.6
GO,1.0,3,0.3,1000,reached,193,5.5716514374860715,0.028868660297855293,115.38,384.6
GO,1.0,3,0.4,1000,reached,318,8.667013347200555,0.027254758953460866,153.84000000000003,384.6
GO,1.0,3,0.5,1000,reached,422,13.000520020800831,0.03080691948057069,192.3,384.6
GO,1.0,3,0.6,1000,reached,620,19.500780031201245,0.03145287101806652,230.76,384.6
GO,1.0,3,0.7,1000,reached,891,30.334546715201935,0.03404550697553528,269.21999999999997,384.6
GO,1.0,3,0.8,1000,not_reached,,,,307.68000000000006,384.6
GO,1.0,3,0.9,1000,not_reached,,,,346.14000000000004,384.6
GO,1.0,4,0.1,1000,reached,44,1.4445022245334258,0.03282959601212331,38.46000000000001,384.6
GO,1.0,4,0.2,1000,reached,90,3.250130005200208,0.036112555613335644,76.92000000000002,384.6
GO,1.0,4,0.3,1000,reached,192,5.5716514374860715,0.02901901790357329,115.38,384.6
GO,1.0,4,0.4,1000,reached,359,8.667013347200555,0.024142098460168678,153.84000000000003,384.6
GO,1.0,4,0.5,1000,reached,512,13.000520020800831,0.025391640665626623,192.3,384.6
GO,1.0,4,0.6,1000,reached,743,19.500780031201245,0.02624600273378364,230.76,384.6
GO,1.0,4,0.7,1000,not_reached,,,,269.21999999999997,384.6
GO,1.0,4,0.8,1000,not_reached,,,,307.68000000000006,384.6
GO,1.0,4,0.9,1000,not_reached,,,,346.14000000000004,384.6
GO,1.0,5,0.1,1000,reached,28,1.4445022245334258,0.05158936516190806,38.46000000000001,384.6
GO,1.0,5,0.2,1000,reached,70,3.250130005200208,0.04643042864571725,76.92000000000002,384.6
GO,1.0,5,0.3,1000,reached,131,5.5716514374860715,0.0425316903624891,115.38,384.6
GO,1.0,5,0.4,1000,reached,182,8.667013347200555,0.047620952457145906,153.84000000000003,384.6
GO,1.0,5,0.5,1000,reached,276,13.000520020800831,0.04710333340869866,192.3,384.6
GO,1.0,5,0.6,1000,reached,486,19.500780031201245,0.04012506179259515,230.76,384.6
GO,1.0,5,0.7,1000,reached,723,30.334546715201935,0.04195649614827377,269.21999999999997,384.6
GO,1.0,5,0.8,1000,reached,970,52.002080083203346,0.05361039183835396,307.68000000000006,384.6
GO,1.0,5,0.9,1000,not_reached,,,,346.14000000000004,384.6
GO,1.0,1,0.1,1500,reached,47,1.4445022245334258,0.030734089883689912,38.46000000000001,384.6
GO,1.0,1,0.2,1500,reached,96,3.250130005200208,0.03385552088750216,76.92000000000002,384.6
GO,1.0,1,0.3,1500,reached,186,5.5716514374860715,0.029955115255301458,115.38,384.6
GO,1.0,1,0.4,1500,reached,273,8.667013347200555,0.031747301638097275,153.84000000000003,384.6
GO,1.0,1,0.5,1500,reached,426,13.000520020800831,0.030517652630987865,192.3,384.6
GO,1.0,1,0.6,1500,reached,633,19.500780031201245,0.030806919480570686,230.76,384.6
GO,1.0,1,0.7,1500,reached,1094,30.334546715201935,0.027728104858502682,269.21999999999997,384.6
GO,1.0,1,0.8,1500,not_reached,,,,307.68000000000006,384.6
GO,1.0,1,0.9,1500,not_reached,,,,346.14000000000004,384.6
GO,1.0,2,0.1,1500,reached,36,1.4445022245334258,0.04012506179259516,38.46000000000001,384.6
GO,1.0,2,0.2,1500,reached,76,3.250130005200208,0.042764868489476415,76.92000000000002,384.6
GO,1.0,2,0.3,1500,reached,126,5.5716514374860715,0.04421945585306406,115.38,384.6
GO,1.0,2,0.4,1500,reached,195,8.667013347200555,0.04444622229333618,153.84000000000003,384.6
GO,1.0,2,0.5,1500,reached,304,13.000520020800831,0.042764868489476415,192.3,384.6
GO,1.0,2,0.6,1500,reached,481,19.500780031201245,0.04054216222702962,230.76,384.6
GO,1.0,2,0.7,1500,reached,786,30.334546715201935,0.03859357088448083,269.21999999999997,384.6
GO,1.0,2,0.8,1500,reached,1332,52.002080083203346,0.039040600663065576,307.68000000000006,384.6
GO,1.0,2,0.9,1500,not_reached,,,,346.14000000000004,384.6
GO,1.0,3,0.1,1500,reached,41,1.4445022245334258,0.035231761573986,38.46000000000001,384.6
GO,1.0,3,0.2,1500,reached,125,3.250130005200208,0.026001040041601663,76.92000000000002,384.6
GO,1.0,3,0.3,1500,reached,193,5.5716514374860715,0.028868660297855293,115.38,384.6
GO,1.0,3,0.4,1500,reached,318,8.667013347200555,0.027254758953460866,153.84000000000003,384.6
GO,1.0,3,0.5,1500,reached,422,13.000520020800831,0.03080691948057069,192.3,384.6
GO,1.0,3,0.6,1500,reached,620,19.500780031201245,0.03145287101806652,230.76,384.6
GO,1.0,3,0.7,1500,reached,891,30.334546715201935,0.03404550697553528,269.21999999999997,384.6
GO,1.0,3,0.8,1500,reached,1332,52.002080083203346,0.039040600663065576,307.68000000000006,384.6
GO,1.0,3,0.9,1500,not_reached,,,,346.14000000000004,384.6
GO,1.0,4,0.1,1500,reached,44,1.4445022245334258,0.03282959601212331,38.46000000000001,384.6
GO,1.0,4,0.2,1500,reached,90,3.250130005200208,0.036112555613335644,76.92000000000002,384.6
GO,1.0,4,0.3,1500,reached,192,5.5716514374860715,0.02901901790357329,115.38,384.6
GO,1.0,4,0.4,1500,reached,359,8.667013347200555,0.024142098460168678,153.84000000000003,384.6
GO,1.0,4,0.5,1500,reached,512,13.000520020800831,0.025391640665626623,192.3,384.6
GO,1.0,4,0.6,1500,reached,743,19.500780031201245,0.02624600273378364,230.76,384.6
GO,1.0,4,0.7,1500,reached,1132,30.334546715201935,0.02679730275194517,269.21999999999997,384.6
GO,1.0,4,0.8,1500,not_reached,,,,307.68000000000006,384.6
GO,1.0,4,0.9,1500,not_reached,,,,346.14000000000004,384.6
GO,1.0,5,0.1,1500,reached,28,1.4445022245334258,0.05158936516190806,38.46000000000001,384.6
GO,1.0,5,0.2,1500,reached,70,3.250130005200208,0.04643042864571725,76.92000000000002,384.6
GO,1.0,5,0.3,1500,reached,131,5.5716514374860715,0.0425316903624891,115.38,384.6
GO,1.0,5,0.4,1500,reached,182,8.667013347200555,0.047620952457145906,153.84000000000003,384.6
GO,1.0,5,0.5,1500,reached,276,13.000520020800831,0.04710333340869866,192.3,384.6
GO,1.0,5,0.6,1500,reached,486,19.500780031201245,0.04012506179259515,230.76,384.6
GO,1.0,5,0.7,1500,reached,723,30.334546715201935,0.04195649614827377,269.21999999999997,384.6
GO,1.0,5,0.8,1500,reached,970,52.002080083203346,0.05361039183835396,307.68000000000006,384.6
GO,1.0,5,0.9,1500,not_reached,,,,346.14000000000004,384.6
GO,1.0,1,0.1,2000,reached,47,1.4445022245334258,0.030734089883689912,38.46000000000001,384.6
GO,1.0,1,0.2,2000,reached,96,3.250130005200208,0.03385552088750216,76.92000000000002,384.6
GO,1.0,1,0.3,2000,reached,186,5.5716514374860715,0.029955115255301458,115.38,384.6
GO,1.0,1,0.4,2000,reached,273,8.667013347200555,0.031747301638097275,153.84000000000003,384.6
GO,1.0,1,0.5,2000,reached,426,13.000520020800831,0.030517652630987865,192.3,384.6
GO,1.0,1,0.6,2000,reached,633,19.500780031201245,0.030806919480570686,230.76,384.6
GO,1.0,1,0.7,2000,reached,1094,30.334546715201935,0.027728104858502682,269.21999999999997,384.6
GO,1.0,1,0.8,2000,reached,1709,52.002080083203346,0.03042836751503999,307.68000000000006,384.6
GO,1.0,1,0.9,2000,not_reached,,,,346.14000000000004,384.6
GO,1.0,2,0.1,2000,reached,36,1.4445022245334258,0.04012506179259516,38.46000000000001,384.6
GO,1.0,2,0.2,2000,reached,76,3.250130005200208,0.042764868489476415,76.92000000000002,384.6
GO,1.0,2,0.3,2000,reached,126,5.5716514374860715,0.04421945585306406,115.38,384.6
GO,1.0,2,0.4,2000,reached,195,8.667013347200555,0.04444622229333618,153.84000000000003,384.6
GO,1.0,2,0.5,2000,reached,304,13.000520020800831,0.042764868489476415,192.3,384.6
GO,1.0,2,0.6,2000,reached,481,19.500780031201245,0.04054216222702962,230.76,384.6
GO,1.0,2,0.7,2000,reached,786,30.334546715201935,0.03859357088448083,269.21999999999997,384.6
GO,1.0,2,0.8,2000,reached,1332,52.002080083203346,0.039040600663065576,307.68000000000006,384.6
GO,1.0,2,0.9,2000,not_reached,,,,346.14000000000004,384.6
GO,1.0,3,0.1,2000,reached,41,1.4445022245334258,0.035231761573986,38.46000000000001,384.6
GO,1.0,3,0.2,2000,reached,125,3.250130005200208,0.026001040041601663,76.92000000000002,384.6
GO,1.0,3,0.3,2000,reached,193,5.5716514374860715,0.028868660297855293,115.38,384.6
GO,1.0,3,0.4,2000,reached,318,8.667013347200555,0.027254758953460866,153.84000000000003,384.6
GO,1.0,3,0.5,2000,reached,422,13.000520020800831,0.03080691948057069,192.3,384.6
GO,1.0,3,0.6,2000,reached,620,19.500780031201245,0.03145287101806652,230.76,384.6
GO,1.0,3,0.7,2000,reached,891,30.334546715201935,0.03404550697553528,269.21999999999997,384.6
GO,1.0,3,0.8,2000,reached,1332,52.002080083203346,0.039040600663065576,307.68000000000006,384.6
GO,1.0,3,0.9,2000,not_reached,,,,346.14000000000004,384.6
GO,1.0,4,0.1,2000,reached,44,1.4445022245334258,0.03282959601212331,38.46000000000001,384.6
GO,1.0,4,0.2,2000,reached,90,3.250130005200208,0.036112555613335644,76.92000000000002,384.6
GO,1.0,4,0.3,2000,reached,192,5.5716514374860715,0.02901901790357329,115.38,384.6
GO,1.0,4,0.4,2000,reached,359,8.667013347200555,0.024142098460168678,153.84000000000003,384.6
GO,1.0,4,0.5,2000,reached,512,13.000520020800831,0.025391640665626623,192.3,384.6
GO,1.0,4,0.6,2000,reached,743,19.500780031201245,0.02624600273378364,230.76,384.6
GO,1.0,4,0.7,2000,reached,1132,30.334546715201935,0.02679730275194517,269.21999999999997,384.6
GO,1.0,4,0.8,2000,reached,1596,52.002080083203346,0.032582756944363,307.68000000000006,384.6
GO,1.0,4,0.9,2000,not_reached,,,,346.14000000000004,384.6
GO,1.0,5,0.1,2000,reached,28,1.4445022245334258,0.05158936516190806,38.46000000000001,384.6
GO,1.0,5,0.2,2000,reached,70,3.250130005200208,0.04643042864571725,76.92000000000002,384.6
GO,1.0,5,0.3,2000,reached,131,5.5716514374860715,0.0425316903624891,115.38,384.6
GO,1.0,5,0.4,2000,reached,182,8.667013347200555,0.047620952457145906,153.84000000000003,384.6
GO,1.0,5,0.5,2000,reached,276,13.000520020800831,0.04710333340869866,192.3,384.6
GO,1.0,5,0.6,2000,reached,486,19.500780031201245,0.04012506179259515,230.76,384.6
GO,1.0,5,0.7,2000,reached,723,30.334546715201935,0.04195649614827377,269.21999999999997,384.6
GO,1.0,5,0.8,2000,reached,970,52.002080083203346,0.05361039183835396,307.68000000000006,384.6
GO,1.0,5,0.9,2000,reached,1898,117.00468018720751,0.06164630146849711,346.14000000000004,384.6
GO,1.0,1,0.1,200,reached,47,1.4445022245334258,0.030734089883689912,38.46000000000001,384.6
GO,1.0,1,0.2,200,reached,96,3.250130005200208,0.03385552088750216,76.92000000000002,384.6
GO,1.0,1,0.3,200,reached,186,5.5716514374860715,0.029955115255301458,115.38,384.6
GO,1.0,1,0.4,200,not_reached,,,,153.84000000000003,384.6
GO,1.0,1,0.5,200,not_reached,,,,192.3,384.6
GO,1.0,1,0.6,200,not_reached,,,,230.76,384.6
GO,1.0,1,0.7,200,not_reached,,,,269.21999999999997,384.6
GO,1.0,1,0.8,200,not_reached,,,,307.68000000000006,384.6
GO,1.0,1,0.9,200,not_reached,,,,346.14000000000004,384.6
GO,1.0,2,0.1,200,reached,36,1.4445022245334258,0.04012506179259516,38.46000000000001,384.6
GO,1.0,2,0.2,200,reached,76,3.250130005200208,0.042764868489476415,76.92000000000002,384.6
GO,1.0,2,0.3,200,reached,126,5.5716514374860715,0.04421945585306406,115.38,384.6
GO,1.0,2,0.4,200,reached,195,8.667013347200555,0.04444622229333618,153.84000000000003,384.6
GO,1.0,2,0.5,200,not_reached,,,,192.3,384.6
GO,1.0,2,0.6,200,not_reached,,,,230.76,384.6
GO,1.0,2,0.7,200,not_reached,,,,269.21999999999997,384.6
GO,1.0,2,0.8,200,not_reached,,,,307.68000000000006,384.6
GO,1.0,2,0.9,200,not_reached,,,,346.14000000000004,384.6
GO,1.0,3,0.1,200,reached,41,1.4445022245334258,0.035231761573986,38.46000000000001,384.6
GO,1.0,3,0.2,200,reached,125,3.250130005200208,0.026001040041601663,76.92000000000002,384.6
GO,1.0,3,0.3,200,reached,193,5.5716514374860715,0.028868660297855293,115.38,384.6
GO,1.0,3,0.4,200,not_reached,,,,153.84000000000003,384.6
GO,1.0,3,0.5,200,not_reached,,,,192.3,384.6
GO,1.0,3,0.6,200,not_reached,,,,230.76,384.6
GO,1.0,3,0.7,200,not_reached,,,,269.21999999999997,384.6
GO,1.0,3,0.8,200,not_reached,,,,307.68000000000006,384.6
GO,1.0,3,0.9,200,not_reached,,,,346.14000000000004,384.6
GO,1.0,4,0.1,200,reached,44,1.4445022245334258,0.03282959601212331,38.46000000000001,384.6
GO,1.0,4,0.2,200,reached,90,3.250130005200208,0.036112555613335644,76.92000000000002,384.6
GO,1.0,4,0.3,200,reached,192,5.5716514374860715,0.02901901790357329,115.38,384.6
GO,1.0,4,0.4,200,not_reached,,,,153.84000000000003,384.6
GO,1.0,4,0.5,200,not_reached,,,,192.3,384.6
GO,1.0,4,0.6,200,not_reached,,,,230.76,384.6
GO,1.0,4,0.7,200,not_reached,,,,269.21999999999997,384.6
GO,1.0,4,0.8,200,not_reached,,,,307.68000000000006,384.6
GO,1.0,4,0.9,200,not_reached,,,,346.14000000000004,384.6
GO,1.0,5,0.1,200,reached,28,1.4445022245334258,0.05158936516190806,38.46000000000001,384.6
GO,1.0,5,0.2,200,reached,70,3.250130005200208,0.04643042864571725,76.92000000000002,384.6
GO,1.0,5,0.3,200,reached,131,5.5716514374860715,0.0425316903624891,115.38,384.6
GO,1.0,5,0.4,200,reached,182,8.667013347200555,0.047620952457145906,153.84000000000003,384.6
GO,1.0,5,0.5,200,not_reached,,,,192.3,384.6
GO,1.0,5,0.6,200,not_reached,,,,230.76,384.6
GO,1.0,5,0.7,200,not_reached,,,,269.21999999999997,384.6
GO,1.0,5,0.8,200,not_reached,,,,307.68000000000006,384.6
GO,1.0,5,0.9,200,not_reached,,,,346.14000000000004,384.6
GO,1.0,1,0.1,400,reached,47,1.4445022245334258,0.030734089883689912,38.46000000000001,384.6
GO,1.0,1,0.2,400,reached,96,3.250130005200208,0.03385552088750216,76.92000000000002,384.6
GO,1.0,1,0.3,400,reached,186,5.5716514374860715,0.029955115255301458,115.38,384.6
GO,1.0,1,0.4,400,reached,273,8.667013347200555,0.031747301638097275,153.84000000000003,384.6
GO,1.0,1,0.5,400,not_reached,,,,192.3,384.6
GO,1.0,1,0.6,400,not_reached,,,,230.76,384.6
GO,1.0,1,0.7,400,not_reached,,,,269.21999999999997,384.6
GO,1.0,1,0.8,400,not_reached,,,,307.68000000000006,384.6
GO,1.0,1,0.9,400,not_reached,,,,346.14000000000004,384.6
GO,1.0,2,0.1,400,reached,36,1.4445022245334258,0.04012506179259516,38.46000000000001,384.6
GO,1.0,2,0.2,400,reached,76,3.250130005200208,0.042764868489476415,76.92000000000002,384.6
GO,1.0,2,0.3,400,reached,126,5.5716514374860715,0.04421945585306406,115.38,384.6
GO,1.0,2,0.4,400,reached,195,8.667013347200555,0.04444622229333618,153.84000000000003,384.6
GO,1.0,2,0.5,400,reached,304,13.000520020800831,0.042764868489476415,192.3,384.6
GO,1.0,2,0.6,400,not_reached,,,,230.76,384.6
GO,1.0,2,0.7,400,not_reached,,,,269.21999999999997,384.6
GO,1.0,2,0.8,400,not_reached,,,,307.68000000000006,384.6
GO,1.0,2,0.9,400,not_reached,,,,346.14000000000004,384.6
GO,1.0,3,0.1,400,reached,41,1.4445022245334258,0.035231761573986,38.46000000000001,384.6
GO,1.0,3,0.2,400,reached,125,3.250130005200208,0.026001040041601663,76.92000000000002,384.6
GO,1.0,3,0.3,400,reached,193,5.5716514374860715,0.028868660297855293,115.38,384.6
GO,1.0,3,0.4,400,reached,318,8.667013347200555,0.027254758953460866,153.84000000000003,384.6
GO,1.0,3,0.5,400,not_reached,,,,192.3,384.6
GO,1.0,3,0.6,400,not_reached,,,,230.76,384.6
GO,1.0,3,0.7,400,not_reached,,,,269.21999999999997,384.6
GO,1.0,3,0.8,400,not_reached,,,,307.68000000000006,384.6
GO,1.0,3,0.9,400,not_reached,,,,346.14000000000004,384.6
GO,1.0,4,0.1,400,reached,44,1.4445022245334258,0.03282959601212331,38.46000000000001,384.6
GO,1.0,4,0.2,400,reached,90,3.250130005200208,0.036112555613335644,76.92000000000002,384.6
GO,1.0,4,0.3,400,reached,192,5.5716514374860715,0.02901901790357329,115.38,384.6
GO,1.0,4,0.4,400,reached,359,8.667013347200555,0.024142098460168678,153.84000000000003,384.6
GO,1.0,4,0.5,400,not_reached,,,,192.3,384.6
GO,1.0,4,0.6,400,not_reached,,,,230.76,384.6
GO,1.0,4,0.7,400,not_reached,,,,269.21999999999997,384.6
GO,1.0,4,0.8,400,not_reached,,,,307.68000000000006,384.6
GO,1.0,4,0.9,400,not_reached,,,,346.14000000000004,384.6
GO,1.0,5,0.1,400,reached,28,1.4445022245334258,0.05158936516190806,38.46000000000001,384.6
GO,1.0,5,0.2,400,reached,70,3.250130005200208,0.04643042864571725,76.92000000000002,384.6
GO,1.0,5,0.3,400,reached,131,5.5716514374860715,0.0425316903624891,115.38,384.6
GO,1.0,5,0.4,400,reached,182,8.667013347200555,0.047620952457145906,153.84000000000003,384.6
GO,1.0,5,0.5,400,reached,276,13.000520020800831,0.04710333340869866,192.3,384.6
GO,1.0,5,0.6,400,not_reached,,,,230.76,384.6
GO,1.0,5,0.7,400,not_reached,,,,269.21999999999997,384.6
GO,1.0,5,0.8,400,not_reached,,,,307.68000000000006,384.6
GO,1.0,5,0.9,400,not_reached,,,,346.14000000000004,384.6
GO,1.0,1,0.1,600,reached,47,1.4445022245334258,0.030734089883689912,38.46000000000001,384.6
GO,1.0,1,0.2,600,reached,96,3.250130005200208,0.03385552088750216,76.92000000000002,384.6
GO,1.0,1,0.3,600,reached,186,5.5716514374860715,0.029955115255301458,115.38,384.6
GO,1.0,1,0.4,600,reached,273,8.667013347200555,0.031747301638097275,153.84000000000003,384.6
GO,1.0,1,0.5,600,reached,426,13.000520020800831,0.030517652630987865,192.3,384.6
GO,1.0,1,0.6,600,not_reached,,,,230.76,384.6
GO,1.0,1,0.7,600,not_reached,,,,269.21999999999997,384.6
GO,1.0,1,0.8,600,not_reached,,,,307.68000000000006,384.6
GO,1.0,1,0.9,600,not_reached,,,,346.14000000000004,384.6
GO,1.0,2,0.1,600,reached,36,1.4445022245334258,0.04012506179259516,38.46000000000001,384.6
GO,1.0,2,0.2,600,reached,76,3.250130005200208,0.042764868489476415,76.92000000000002,384.6
GO,1.0,2,0.3,600,reached,126,5.5716514374860715,0.04421945585306406,115.38,384.6
GO,1.0,2,0.4,600,reached,195,8.667013347200555,0.04444622229333618,153.84000000000003,384.6
GO,1.0,2,0.5,600,reached,304,13.000520020800831,0.042764868489476415,192.3,384.6
GO,1.0,2,0.6,600,reached,481,19.500780031201245,0.04054216222702962,230.76,384.6
GO,1.0,2,0.7,600,not_reached,,,,269.21999999999997,384.6
GO,1.0,2,0.8,600,not_reached,,,,307.68000000000006,384.6
GO,1.0,2,0.9,600,not_reached,,,,346.14000000000004,384.6
GO,1.0,3,0.1,600,reached,41,1.4445022245334258,0.035231761573986,38.46000000000001,384.6
GO,1.0,3,0.2,600,reached,125,3.250130005200208,0.026001040041601663,76.92000000000002,384.6
GO,1.0,3,0.3,600,reached,193,5.5716514374860715,0.028868660297855293,115.38,384.6
GO,1.0,3,0.4,600,reached,318,8.667013347200555,0.027254758953460866,153.84000000000003,384.6
GO,1.0,3,0.5,600,reached,422,13.000520020800831,0.03080691948057069,192.3,384.6
GO,1.0,3,0.6,600,not_reached,,,,230.76,384.6
GO,1.0,3,0.7,600,not_reached,,,,269.21999999999997,384.6
GO,1.0,3,0.8,600,not_reached,,,,307.68000000000006,384.6
GO,1.0,3,0.9,600,not_reached,,,,346.14000000000004,384.6
GO,1.0,4,0.1,600,reached,44,1.4445022245334258,0.03282959601212331,38.46000000000001,384.6
GO,1.0,4,0.2,600,reached,90,3.250130005200208,0.036112555613335644,76.92000000000002,384.6
GO,1.0,4,0.3,600,reached,192,5.5716514374860715,0.02901901790357329,115.38,384.6
GO,1.0,4,0.4,600,reached,359,8.667013347200555,0.024142098460168678,153.84000000000003,384.6
GO,1.0,4,0.5,600,reached,512,13.000520020800831,0.025391640665626623,192.3,384.6
GO,1.0,4,0.6,600,not_reached,,,,230.76,384.6
GO,1.0,4,0.7,600,not_reached,,,,269.21999999999997,384.6
GO,1.0,4,0.8,600,not_reached,,,,307.68000000000006,384.6
GO,1.0,4,0.9,600,not_reached,,,,346.14000000000004,384.6
GO,1.0,5,0.1,600,reached,28,1.4445022245334258,0.05158936516190806,38.46000000000001,384.6
GO,1.0,5,0.2,600,reached,70,3.250130005200208,0.04643042864571725,76.92000000000002,384.6
GO,1.0,5,0.3,600,reached,131,5.5716514374860715,0.0425316903624891,115.38,384.6
GO,1.0,5,0.4,600,reached,182,8.667013347200555,0.047620952457145906,153.84000000000003,384.6
GO,1.0,5,0.5,600,reached,276,13.000520020800831,0.04710333340869866,192.3,384.6
GO,1.0,5,0.6,600,reached,486,19.500780031201245,0.04012506179259515,230.76,384.6
GO,1.0,5,0.7,600,not_reached,,,,269.21999999999997,384.6
GO,1.0,5,0.8,600,not_reached,,,,307.68000000000006,384.6
GO,1.0,5,0.9,600,not_reached,,,,346.14000000000004,384.6
GO,1.0,1,0.1,800,reached,47,1.4445022245334258,0.030734089883689912,38.46000000000001,384.6
GO,1.0,1,0.2,800,reached,96,3.250130005200208,0.03385552088750216,76.92000000000002,384.6
GO,1.0,1,0.3,800,reached,186,5.5716514374860715,0.029955115255301458,115.38,384.6
GO,1.0,1,0.4,800,reached,273,8.667013347200555,0.031747301638097275,153.84000000000003,384.6
GO,1.0,1,0.5,800,reached,426,13.000520020800831,0.030517652630987865,192.3,384.6
GO,1.0,1,0.6,800,reached,633,19.500780031201245,0.030806919480570686,230.76,384.6
GO,1.0,1,0.7,800,not_reached,,,,269.21999999999997,384.6
GO,1.0,1,0.8,800,not_reached,,,,307.68000000000006,384.6
GO,1.0,1,0.9,800,not_reached,,,,346.14000000000004,384.6
GO,1.0,2,0.1,800,reached,36,1.4445022245334258,0.04012506179259516,38.46000000000001,384.6
GO,1.0,2,0.2,800,reached,76,3.250130005200208,0.042764868489476415,76.92000000000002,384.6
GO,1.0,2,0.3,800,reached,126,5.5716514374860715,0.04421945585306406,115.38,384.6
GO,1.0,2,0.4,800,reached,195,8.667013347200555,0.04444622229333618,153.84000000000003,384.6
GO,1.0,2,0.5,800,reached,304,13.000520020800831,0.042764868489476415,192.3,384.6
GO,1.0,2,0.6,800,reached,481,19.500780031201245,0.04054216222702962,230.76,384.6
GO,1.0,2,0.7,800,reached,786,30.334546715201935,0.03859357088448083,269.21999999999997,384.6
GO,1.0,2,0.8,800,not_reached,,,,307.68000000000006,384.6
GO,1.0,2,0.9,800,not_reached,,,,346.14000000000004,384.6
GO,1.0,3,0.1,800,reached,41,1.4445022245334258,0.035231761573986,38.46000000000001,384.6
GO,1.0,3,0.2,800,reached,125,3.250130005200208,0.026001040041601663,76.92000000000002,384.6
GO,1.0,3,0.3,800,reached,193,5.5716514374860715,0.028868660297855293,115.38,384.6
GO,1.0,3,0.4,800,reached,318,8.667013347200555,0.027254758953460866,153.84000000000003,384.6
GO,1.0,3,0.5,800,reached,422,13.000520020800831,0.03080691948057069,192.3,384.6
GO,1.0,3,0.6,800,reached,620,19.500780031201245,0.03145287101806652,230.76,384.6
GO,1.0,3,0.7,800,not_reached,,,,269.21999999999997,384.6
GO,1.0,3,0.8,800,not_reached,,,,307.68000000000006,384.6
GO,1.0,3,0.9,800,not_reached,,,,346.14000000000004,384.6
GO,1.0,4,0.1,800,reached,44,1.4445022245334258,0.03282959601212331,38.46000000000001,384.6
GO,1.0,4,0.2,800,reached,90,3.250130005200208,0.036112555613335644,76.92000000000002,384.6
GO,1.0,4,0.3,800,reached,192,5.5716514374860715,0.02901901790357329,115.38,384.6
GO,1.0,4,0.4,800,reached,359,8.667013347200555,0.024142098460168678,153.84000000000003,384.6
GO,1.0,4,0.5,800,reached,512,13.000520020800831,0.025391640665626623,192.3,384.6
GO,1.0,4,0.6,800,reached,743,19.500780031201245,0.02624600273378364,230.76,384.6
GO,1.0,4,0.7,800,not_reached,,,,269.21999999999997,384.6
GO,1.0,4,0.8,800,not_reached,,,,307.68000000000006,384.6
GO,1.0,4,0.9,800,not_reached,,,,346.14000000000004,384.6
GO,1.0,5,0.1,800,reached,28,1.4445022245334258,0.05158936516190806,38.46000000000001,384.6
GO,1.0,5,0.2,800,reached,70,3.250130005200208,0.04643042864571725,76.92000000000002,384.6
GO,1.0,5,0.3,800,reached,131,5.5716514374860715,0.0425316903624891,115.38,384.6
GO,1.0,5,0.4,800,reached,182,8.667013347200555,0.047620952457145906,153.84000000000003,384.6
GO,1.0,5,0.5,800,reached,276,13.000520020800831,0.04710333340869866,192.3,384.6
GO,1.0,5,0.6,800,reached,486,19.500780031201245,0.04012506179259515,230.76,384.6
GO,1.0,5,0.7,800,reached,723,30.334546715201935,0.04195649614827377,269.21999999999997,384.6
GO,1.0,5,0.8,800,not_reached,,,,307.68000000000006,384.6
GO,1.0,5,0.9,800,not_reached,,,,346.14000000000004,384.6
