material,seed,sigma_px,n_steps_horizon,fraction_of_pso_qe,target_qt_mg_g,qe_pso_mg_g,k2_g_mg_min,reach_status,n_sim,final_qt_mg_g,pso_reference_status,t_pso_min,alpha_min_per_step
GO,1,1.5,1000,0.1,38.46000000000001,384.6,0.0002,reached,18,324.0,go_pso_reference,1.4445022245334258,0.08025012358519032
GO,1,1.5,1000,0.2,76.92000000000002,384.6,0.0002,reached,39,324.0,go_pso_reference,3.250130005200208,0.08333666680000533
GO,1,1.5,1000,0.3,115.38,384.6,0.0002,reached,112,324.0,go_pso_reference,5.5716514374860715,0.049746887834697065
GO,1,1.5,1000,0.4,153.84000000000003,384.6,0.0002,reached,168,324.0,go_pso_reference,8.667013347200555,0.05158936516190807
GO,1,1.5,1000,0.5,192.3,384.6,0.0002,reached,216,324.0,go_pso_reference,13.000520020800831,0.06018759268889274
GO,1,1.5,1000,0.6,230.76,384.6,0.0002,reached,328,324.0,go_pso_reference,19.500780031201245,0.05945359765610136
GO,1,1.5,1000,0.7,269.21999999999997,384.6,0.0002,reached,489,324.0,go_pso_reference,30.334546715201935,0.06203383786339864
GO,1,1.5,1000,0.8,307.68000000000006,384.6,0.0002,reached,763,324.0,go_pso_reference,52.002080083203346,0.06815475764508958
GO,1,1.5,1000,0.9,346.14000000000004,384.6,0.0002,not_reached,,324.0,go_pso_reference,,
GO,2,1.5,1000,0.1,38.46000000000001,384.6,0.0002,reached,16,334.0,go_pso_reference,1.4445022245334258,0.09028138903333911
GO,2,1.5,1000,0.2,76.92000000000002,384.6,0.0002,reached,40,334.0,go_pso_reference,3.250130005200208,0.0812532501300052
GO,2,1.5,1000,0.3,115.38,384.6,0.0002,reached,60,334.0,go_pso_reference,5.5716514374860715,0.09286085729143452
GO,2,1.5,1000,0.4,153.84000000000003,384.6,0.0002,reached,102,334.0,go_pso_reference,8.667013347200555,0.08497071909020153
GO,2,1.5,1000,0.5,192.3,384.6,0.0002,reached,186,334.0,go_pso_reference,13.000520020800831,0.06989526892903673
GO,2,1.5,1000,0.6,230.76,384.6,0.0002,reached,281,334.0,go_pso_reference,19.500780031201245,0.0693977937053425
GO,2,1.5,1000,0.7,269.21999999999997,384.6,0.0002,reached,511,334.0,go_pso_reference,30.334546715201935,0.059363105117812
GO,2,1.5,1000,0.8,307.68000000000006,384.6,0.0002,reached,741,334.0,go_pso_reference,52.002080083203346,0.07017824572632031
GO,2,1.5,1000,0.9,346.14000000000004,384.6,0.0002,not_reached,,334.0,go_pso_reference,,
GO,3,1.5,1000,0.1,38.46000000000001,384.6,0.0002,reached,18,332.0,go_pso_reference,1.4445022245334258,0.08025012358519032
GO,3,1.5,1000,0.2,76.92000000000002,384.6,0.0002,reached,34,332.0,go_pso_reference,3.250130005200208,0.0955920589764767
GO,3,1.5,1000,0.3,115.38,384.6,0.0002,reached,79,332.0,go_pso_reference,5.5716514374860715,0.07052723338589964
GO,3,1.5,1000,0.4,153.84000000000003,384.6,0.0002,reached,118,332.0,go_pso_reference,8.667013347200555,0.073449265654242
GO,3,1.5,1000,0.5,192.3,384.6,0.0002,reached,191,332.0,go_pso_reference,13.000520020800831,0.06806554984712478
GO,3,1.5,1000,0.6,230.76,384.6,0.0002,reached,316,332.0,go_pso_reference,19.500780031201245,0.06171132921266217
GO,3,1.5,1000,0.7,269.21999999999997,384.6,0.0002,reached,484,332.0,go_pso_reference,30.334546715201935,0.06267468329587177
GO,3,1.5,1000,0.8,307.68000000000006,384.6,0.0002,reached,614,332.0,go_pso_reference,52.002080083203346,0.08469394150358851
GO,3,1.5,1000,0.9,346.14000000000004,384.6,0.0002,not_reached,,332.0,go_pso_reference,,
GO,4,1.5,1000,0.1,38.46000000000001,384.6,0.0002,reached,27,342.0,go_pso_reference,1.4445022245334258,0.05350008239012688
GO,4,1.5,1000,0.2,76.92000000000002,384.6,0.0002,reached,49,342.0,go_pso_reference,3.250130005200208,0.06632918377959608
GO,4,1.5,1000,0.3,115.38,384.6,0.0002,reached,71,342.0,go_pso_reference,5.5716514374860715,0.07847396390825453
GO,4,1.5,1000,0.4,153.84000000000003,384.6,0.0002,reached,121,342.0,go_pso_reference,8.667013347200555,0.07162820948099632
GO,4,1.5,1000,0.5,192.3,384.6,0.0002,reached,191,342.0,go_pso_reference,13.000520020800831,0.06806554984712478
GO,4,1.5,1000,0.6,230.76,384.6,0.0002,reached,247,342.0,go_pso_reference,19.500780031201245,0.0789505264421103
GO,4,1.5,1000,0.7,269.21999999999997,384.6,0.0002,reached,386,342.0,go_pso_reference,30.334546715201935,0.07858690858860605
GO,4,1.5,1000,0.8,307.68000000000006,384.6,0.0002,reached,648,342.0,go_pso_reference,52.002080083203346,0.08025012358519035
GO,4,1.5,1000,0.9,346.14000000000004,384.6,0.0002,not_reached,,342.0,go_pso_reference,,
GO,5,1.5,1000,0.1,38.46000000000001,384.6,0.0002,reached,15,340.0,go_pso_reference,1.4445022245334258,0.09630014830222838
GO,5,1.5,1000,0.2,76.92000000000002,384.6,0.0002,reached,26,340.0,go_pso_reference,3.250130005200208,0.125005000200008
GO,5,1.5,1000,0.3,115.38,384.6,0.0002,reached,74,340.0,go_pso_reference,5.5716514374860715,0.07529258699305502
GO,5,1.5,1000,0.4,153.84000000000003,384.6,0.0002,reached,118,340.0,go_pso_reference,8.667013347200555,0.073449265654242
GO,5,1.5,1000,0.5,192.3,384.6,0.0002,reached,163,340.0,go_pso_reference,13.000520020800831,0.0797577915386554
GO,5,1.5,1000,0.6,230.76,384.6,0.0002,reached,263,340.0,go_pso_reference,19.500780031201245,0.0741474525901188
GO,5,1.5,1000,0.7,269.21999999999997,384.6,0.0002,reached,402,340.0,go_pso_reference,30.334546715201935,0.07545907143085058
GO,5,1.5,1000,0.8,307.68000000000006,384.6,0.0002,reached,558,340.0,go_pso_reference,52.002080083203346,0.09319369190538233
GO,5,1.5,1000,0.9,346.14000000000004,384.6,0.0002,not_reached,,340.0,go_pso_reference,,
GO,1,1.5,1500,0.1,38.46000000000001,384.6,0.0002,reached,18,356.0,go_pso_reference,1.4445022245334258,0.08025012358519032
GO,1,1.5,1500,0.2,76.92000000000002,384.6,0.0002,reached,39,356.0,go_pso_reference,3.250130005200208,0.08333666680000533
GO,1,1.5,1500,0.3,115.38,384.6,0.0002,reached,112,356.0,go_pso_reference,5.5716514374860715,0.049746887834697065
GO,1,1.5,1500,0.4,153.84000000000003,384.6,0.0002,reached,168,356.0,go_pso_reference,8.667013347200555,0.05158936516190807
GO,1,1.5,1500,0.5,192.3,384.6,0.0002,reached,216,356.0,go_pso_reference,13.000520020800831,0.06018759268889274
GO,1,1.5,1500,0.6,230.76,384.6,0.0002,reached,328,356.0,go_pso_reference,19.500780031201245,0.05945359765610136
GO,1,1.5,1500,0.7,269.21999999999997,384.6,0.0002,reached,489,356.0,go_pso_reference,30.334546715201935,0.06203383786339864
GO,1,1.5,1500,0.8,307.68000000000006,384.6,0.0002,reached,763,356.0,go_pso_reference,52.002080083203346,0.06815475764508958
GO,1,1.5,1500,0.9,346.14000000000004,384.6,0.0002,reached,1352,356.0,go_pso_reference,117.00468018720751,0.08654192321539017
GO,2,1.5,1500,0.1,38.46000000000001,384.6,0.0002,reached,16,358.0,go_pso_reference,1.4445022245334258,0.09028138903333911
GO,2,1.5,1500,0.2,76.92000000000002,384.6,0.0002,reached,40,358.0,go_pso_reference,3.250130005200208,0.0812532501300052
GO,2,1.5,1500,0.3,115.38,384.6,0.0002,reached,60,358.0,go_pso_reference,5.5716514374860715,0.09286085729143452
GO,2,1.5,1500,0.4,153.84000000000003,384.6,0.0002,reached,102,358.0,go_pso_reference,8.667013347200555,0.08497071909020153
GO,2,1.5,1500,0.5,192.3,384.6,0.0002,reached,186,358.0,go_pso_reference,13.000520020800831,0.06989526892903673
GO,2,1.5,1500,0.6,230.76,384.6,0.0002,reached,281,358.0,go_pso_reference,19.500780031201245,0.0693977937053425
GO,2,1.5,1500,0.7,269.21999999999997,384.6,0.0002,reached,511,358.0,go_pso_reference,30.334546715201935,0.059363105117812
GO,2,1.5,1500,0.8,307.68000000000006,384.6,0.0002,reached,741,358.0,go_pso_reference,52.002080083203346,0.07017824572632031
GO,2,1.5,1500,0.9,346.14000000000004,384.6,0.0002,reached,1332,358.0,go_pso_reference,117.00468018720751,0.08784135149189753
GO,3,1.5,1500,0.1,38.46000000000001,384.6,0.0002,reached,18,352.0,go_pso_reference,1.4445022245334258,0.08025012358519032
GO,3,1.5,1500,0.2,76.92000000000002,384.6,0.0002,reached,34,352.0,go_pso_reference,3.250130005200208,0.0955920589764767
GO,3,1.5,1500,0.3,115.38,384.6,0.0002,reached,79,352.0,go_pso_reference,5.5716514374860715,0.07052723338589964
GO,3,1.5,1500,0.4,153.84000000000003,384.6,0.0002,reached,118,352.0,go_pso_reference,8.667013347200555,0.073449265654242
GO,3,1.5,1500,0.5,192.3,384.6,0.0002,reached,191,352.0,go_pso_reference,13.000520020800831,0.06806554984712478
GO,3,1.5,1500,0.6,230.76,384.6,0.0002,reached,316,352.0,go_pso_reference,19.500780031201245,0.06171132921266217
GO,3,1.5,1500,0.7,269.21999999999997,384.6,0.0002,reached,484,352.0,go_pso_reference,30.334546715201935,0.06267468329587177
GO,3,1.5,1500,0.8,307.68000000000006,384.6,0.0002,reached,614,352.0,go_pso_reference,52.002080083203346,0.08469394150358851
GO,3,1.5,1500,0.9,346.14000000000004,384.6,0.0002,reached,1444,352.0,go_pso_reference,117.00468018720751,0.08102817187479745
GO,4,1.5,1500,0.1,38.46000000000001,384.6,0.0002,reached,27,360.0,go_pso_reference,1.4445022245334258,0.05350008239012688
GO,4,1.5,1500,0.2,76.92000000000002,384.6,0.0002,reached,49,360.0,go_pso_reference,3.250130005200208,0.06632918377959608
GO,4,1.5,1500,0.3,115.38,384.6,0.0002,reached,71,360.0,go_pso_reference,5.5716514374860715,0.07847396390825453
GO,4,1.5,1500,0.4,153.84000000000003,384.6,0.0002,reached,121,360.0,go_pso_reference,8.667013347200555,0.07162820948099632
GO,4,1.5,1500,0.5,192.3,384.6,0.0002,reached,191,360.0,go_pso_reference,13.000520020800831,0.06806554984712478
GO,4,1.5,1500,0.6,230.76,384.6,0.0002,reached,247,360.0,go_pso_reference,19.500780031201245,0.0789505264421103
GO,4,1.5,1500,0.7,269.21999999999997,384.6,0.0002,reached,386,360.0,go_pso_reference,30.334546715201935,0.07858690858860605
GO,4,1.5,1500,0.8,307.68000000000006,384.6,0.0002,reached,648,360.0,go_pso_reference,52.002080083203346,0.08025012358519035
GO,4,1.5,1500,0.9,346.14000000000004,384.6,0.0002,reached,1045,360.0,go_pso_reference,117.00468018720751,0.11196620113608374
GO,5,1.5,1500,0.1,38.46000000000001,384.6,0.0002,reached,15,370.0,go_pso_reference,1.4445022245334258,0.09630014830222838
GO,5,1.5,1500,0.2,76.92000000000002,384.6,0.0002,reached,26,370.0,go_pso_reference,3.250130005200208,0.125005000200008
GO,5,1.5,1500,0.3,115.38,384.6,0.0002,reached,74,370.0,go_pso_reference,5.5716514374860715,0.07529258699305502
GO,5,1.5,1500,0.4,153.84000000000003,384.6,0.0002,reached,118,370.0,go_pso_reference,8.667013347200555,0.073449265654242
GO,5,1.5,1500,0.5,192.3,384.6,0.0002,reached,163,370.0,go_pso_reference,13.000520020800831,0.0797577915386554
GO,5,1.5,1500,0.6,230.76,384.6,0.0002,reached,263,370.0,go_pso_reference,19.500780031201245,0.0741474525901188
GO,5,1.5,1500,0.7,269.21999999999997,384.6,0.0002,reached,402,370.0,go_pso_reference,30.334546715201935,0.07545907143085058
GO,5,1.5,1500,0.8,307.68000000000006,384.6,0.0002,reached,558,370.0,go_pso_reference,52.002080083203346,0.09319369190538233
GO,5,1.5,1500,0.9,346.14000000000004,384.6,0.0002,reached,1246,370.0,go_pso_reference,117.00468018720751,0.09390423771043942
GO,1,1.5,2000,0.1,38.46000000000001,384.6,0.0002,reached,18,370.0,go_pso_reference,1.4445022245334258,0.08025012358519032
GO,1,1.5,2000,0.2,76.92000000000002,384.6,0.0002,reached,39,370.0,go_pso_reference,3.250130005200208,0.08333666680000533
GO,1,1.5,2000,0.3,115.38,384.6,0.0002,reached,112,370.0,go_pso_reference,5.5716514374860715,0.049746887834697065
GO,1,1.5,2000,0.4,153.84000000000003,384.6,0.0002,reached,168,370.0,go_pso_reference,8.667013347200555,0.05158936516190807
GO,1,1.5,2000,0.5,192.3,384.6,0.0002,reached,216,370.0,go_pso_reference,13.000520020800831,0.06018759268889274
GO,1,1.5,2000,0.6,230.76,384.6,0.0002,reached,328,370.0,go_pso_reference,19.500780031201245,0.05945359765610136
GO,1,1.5,2000,0.7,269.21999999999997,384.6,0.0002,reached,489,370.0,go_pso_reference,30.334546715201935,0.06203383786339864
GO,1,1.5,2000,0.8,307.68000000000006,384.6,0.0002,reached,763,370.0,go_pso_reference,52.002080083203346,0.06815475764508958
GO,1,1.5,2000,0.9,346.14000000000004,384.6,0.0002,reached,1352,370.0,go_pso_reference,117.00468018720751,0.08654192321539017
GO,2,1.5,2000,0.1,38.46000000000001,384.6,0.0002,reached,16,372.0,go_pso_reference,1.4445022245334258,0.09028138903333911
GO,2,1.5,2000,0.2,76.92000000000002,384.6,0.0002,reached,40,372.0,go_pso_reference,3.250130005200208,0.0812532501300052
GO,2,1.5,2000,0.3,115.38,384.6,0.0002,reached,60,372.0,go_pso_reference,5.5716514374860715,0.09286085729143452
GO,2,1.5,2000,0.4,153.84000000000003,384.6,0.0002,reached,102,372.0,go_pso_reference,8.667013347200555,0.08497071909020153
GO,2,1.5,2000,0.5,192.3,384.6,0.0002,reached,186,372.0,go_pso_reference,13.000520020800831,0.06989526892903673
GO,2,1.5,2000,0.6,230.76,384.6,0.0002,reached,281,372.0,go_pso_reference,19.500780031201245,0.0693977937053425
GO,2,1.5,2000,0.7,269.21999999999997,384.6,0.0002,reached,511,372.0,go_pso_reference,30.334546715201935,0.059363105117812
GO,2,1.5,2000,0.8,307.68000000000006,384.6,0.0002,reached,741,372.0,go_pso_reference,52.002080083203346,0.07017824572632031
GO,2,1.5,2000,0.9,346.14000000000004,384.6,0.0002,reached,1332,372.0,go_pso_reference,117.00468018720751,0.08784135149189753
GO,3,1.5,2000,0.1,38.46000000000001,384.6,0.0002,reached,18,364.0,go_pso_reference,1.4445022245334258,0.08025012358519032
GO,3,1.5,2000,0.2,76.92000000000002,384.6,0.0002,reached,34,364.0,go_pso_reference,3.250130005200208,0.0955920589764767
GO,3,1.5,2000,0.3,115.38,384.6,0.0002,reached,79,364.0,go_pso_reference,5.5716514374860715,0.07052723338589964
GO,3,1.5,2000,0.4,153.84000000000003,384.6,0.0002,reached,118,364.0,go_pso_reference,8.667013347200555,0.073449265654242
GO,3,1.5,2000,0.5,192.3,384.6,0.0002,reached,191,364.0,go_pso_reference,13.000520020800831,0.06806554984712478
GO,3,1.5,2000,0.6,230.76,384.6,0.0002,reached,316,364.0,go_pso_reference,19.500780031201245,0.06171132921266217
GO,3,1.5,2000,0.7,269.21999999999997,384.6,0.0002,reached,484,364.0,go_pso_reference,30.334546715201935,0.06267468329587177
GO,3,1.5,2000,0.8,307.68000000000006,384.6,0.0002,reached,614,364.0,go_pso_reference,52.002080083203346,0.08469394150358851
GO,3,1.5,2000,0.9,346.14000000000004,384.6,0.0002,reached,1444,364.0,go_pso_reference,117.00468018720751,0.08102817187479745
GO,4,1.5,2000,0.1,38.46000000000001,384.6,0.0002,reached,27,374.0,go_pso_reference,1.4445022245334258,0.05350008239012688
GO,4,1.5,2000,0.2,76.92000000000002,384.6,0.0002,reached,49,374.0,go_pso_reference,3.250130005200208,0.06632918377959608
GO,4,1.5,2000,0.3,115.38,384.6,0.0002,reached,71,374.0,go_pso_reference,5.5716514374860715,0.07847396390825453
GO,4,1.5,2000,0.4,153.84000000000003,384.6,0.0002,reached,121,374.0,go_pso_reference,8.667013347200555,0.07162820948099632
GO,4,1.5,2000,0.5,192.3,384.6,0.0002,reached,191,374.0,go_pso_reference,13.000520020800831,0.06806554984712478
GO,4,1.5,2000,0.6,230.76,384.6,0.0002,reached,247,374.0,go_pso_reference,19.500780031201245,0.0789505264421103
GO,4,1.5,2000,0.7,269.21999999999997,384.6,0.0002,reached,386,374.0,go_pso_reference,30.334546715201935,0.07858690858860605
GO,4,1.5,2000,0.8,307.68000000000006,384.6,0.0002,reached,648,374.0,go_pso_reference,52.002080083203346,0.08025012358519035
GO,4,1.5,2000,0.9,346.14000000000004,384.6,0.0002,reached,1045,374.0,go_pso_reference,117.00468018720751,0.11196620113608374
GO,5,1.5,2000,0.1,38.46000000000001,384.6,0.0002,reached,15,382.0,go_pso_reference,1.4445022245334258,0.09630014830222838
GO,5,1.5,2000,0.2,76.92000000000002,384.6,0.0002,reached,26,382.0,go_pso_reference,3.250130005200208,0.125005000200008
GO,5,1.5,2000,0.3,115.38,384.6,0.0002,reached,74,382.0,go_pso_reference,5.5716514374860715,0.07529258699305502
GO,5,1.5,2000,0.4,153.84000000000003,384.6,0.0002,reached,118,382.0,go_pso_reference,8.667013347200555,0.073449265654242
GO,5,1.5,2000,0.5,192.3,384.6,0.0002,reached,163,382.0,go_pso_reference,13.000520020800831,0.0797577915386554
GO,5,1.5,2000,0.6,230.76,384.6,0.0002,reached,263,382.0,go_pso_reference,19.500780031201245,0.0741474525901188
GO,5,1.5,2000,0.7,269.21999999999997,384.6,0.0002,reached,402,382.0,go_pso_reference,30.334546715201935,0.07545907143085058
GO,5,1.5,2000,0.8,307.68000000000006,384.6,0.0002,reached,558,382.0,go_pso_reference,52.002080083203346,0.09319369190538233
GO,5,1.5,2000,0.9,346.14000000000004,384.6,0.0002,reached,1246,382.0,go_pso_reference,117.00468018720751,0.09390423771043942
GO,1,1.5,200,0.1,38.46000000000001,384.6,0.0002,reached,18,182.0,go_pso_reference,1.4445022245334258,0.08025012358519032
GO,1,1.5,200,0.2,76.92000000000002,384.6,0.0002,reached,39,182.0,go_pso_reference,3.250130005200208,0.08333666680000533
GO,1,1.5,200,0.3,115.38,384.6,0.0002,reached,112,182.0,go_pso_reference,5.5716514374860715,0.049746887834697065
GO,1,1.5,200,0.4,153.84000000000003,384.6,0.0002,reached,168,182.0,go_pso_reference,8.667013347200555,0.05158936516190807
GO,1,1.5,200,0.5,192.3,384.6,0.0002,not_reached,,182.0,go_pso_reference,,
GO,1,1.5,200,0.6,230.76,384.6,0.0002,not_reached,,182.0,go_pso_reference,,
GO,1,1.5,200,0.7,269.21999999999997,384.6,0.0002,not_reached,,182.0,go_pso_reference,,
GO,1,1.5,200,0.8,307.68000000000006,384.6,0.0002,not_reached,,182.0,go_pso_reference,,
GO,1,1.5,200,0.9,346.14000000000004,384.6,0.0002,not_reached,,182.0,go_pso_reference,,
GO,2,1.5,200,0.1,38.46000000000001,384.6,0.0002,reached,16,204.0,go_pso_reference,1.4445022245334258,0.09028138903333911
GO,2,1.5,200,0.2,76.92000000000002,384.6,0.0002,reached,40,204.0,go_pso_reference,3.250130005200208,0.0812532501300052
GO,2,1.5,200,0.3,115.38,384.6,0.0002,reached,60,204.0,go_pso_reference,5.5716514374860715,0.09286085729143452
GO,2,1.5,200,0.4,153.84000000000003,384.6,0.0002,reached,102,204.0,go_pso_reference,8.667013347200555,0.08497071909020153
GO,2,1.5,200,0.5,192.3,384.6,0.0002,reached,186,204.0,go_pso_reference,13.000520020800831,0.06989526892903673
GO,2,1.5,200,0.6,230.76,384.6,0.0002,not_reached,,204.0,go_pso_reference,,
GO,2,1.5,200,0.7,269.21999999999997,384.6,0.0002,not_reached,,204.0,go_pso_reference,,
GO,2,1.5,200,0.8,307.68000000000006,384.6,0.0002,not_reached,,204.0,go_pso_reference,,
GO,2,1.5,200,0.9,346.14000000000004,384.6,0.0002,not_reached,,204.0,go_pso_reference,,
GO,3,1.5,200,0.1,38.46000000000001,384.6,0.0002,reached,18,202.0,go_pso_reference,1.4445022245334258,0.08025012358519032
GO,3,1.5,200,0.2,76.92000000000002,384.6,0.0002,reached,34,202.0,go_pso_reference,3.250130005200208,0.0955920589764767
GO,3,1.5,200,0.3,115.38,384.6,0.0002,reached,79,202.0,go_pso_reference,5.5716514374860715,0.07052723338589964
GO,3,1.5,200,0.4,153.84000000000003,384.6,0.0002,reached,118,202.0,go_pso_reference,8.667013347200555,0.073449265654242
GO,3,1.5,200,0.5,192.3,384.6,0.0002,reached,191,202.0,go_pso_reference,13.000520020800831,0.06806554984712478
GO,3,1.5,200,0.6,230.76,384.6,0.0002,not_reached,,202.0,go_pso_reference,,
GO,3,1.5,200,0.7,269.21999999999997,384.6,0.0002,not_reached,,202.0,go_pso_reference,,
GO,3,1.5,200,0.8,307.68000000000006,384.6,0.0002,not_reached,,202.0,go_pso_reference,,
GO,3,1.5,200,0.9,346.14000000000004,384.6,0.0002,not_reached,,202.0,go_pso_reference,,
GO,4,1.5,200,0.1,38.46000000000001,384.6,0.0002,reached,27,196.0,go_pso_reference,1.4445022245334258,0.05350008239012688
GO,4,1.5,200,0.2,76.92000000000002,384.6,0.0002,reached,49,196.0,go_pso_reference,3.250130005200208,0.06632918377959608
GO,4,1.5,200,0.3,115.38,384.6,0.0002,reached,71,196.0,go_pso_reference,5.5716514374860715,0.07847396390825453
GO,4,1.5,200,0.4,153.84000000000003,384.6,0.0002,reached,121,196.0,go_pso_reference,8.667013347200555,0.07162820948099632
GO,4,1.5,200,0.5,192.3,384.6,0.0002,reached,191,196.0,go_pso_reference,13.000520020800831,0.06806554984712478
GO,4,1.5,200,0.6,230.76,384.6,0.0002,not_reached,,196.0,go_pso_reference,,
GO,4,1.5,200,0.7,269.21999999999997,384.6,0.0002,not_reached,,196.0,go_pso_reference,,
GO,4,1.5,200,0.8,307.68000000000006,384.6,0.0002,not_reached,,196.0,go_pso_reference,,
GO,4,1.5,200,0.9,346.14000000000004,384.6,0.0002,not_reached,,196.0,go_pso_reference,,
GO,5,1.5,200,0.1,38.46000000000001,384.6,0.0002,reached,15,206.0,go_pso_reference,1.4445022245334258,0.09630014830222838
GO,5,1.5,200,0.2,76.92000000000002,384.6,0.0002,reached,26,206.0,go_pso_reference,3.250130005200208,0.125005000200008
GO,5,1.5,200,0.3,115.38,384.6,0.0002,reached,74,206.0,go_pso_reference,5.5716514374860715,0.07529258699305502
GO,5,1.5,200,0.4,153.84000000000003,384.6,0.0002,reached,118,206.0,go_pso_reference,8.667013347200555,0.073449265654242
GO,5,1.5,200,0.5,192.3,384.6,0.0002,reached,163,206.0,go_pso_reference,13.000520020800831,0.0797577915386554
GO,5,1.5,200,0.6,230.76,384.6,0.0002,not_reached,,206.0,go_pso_reference,,
GO,5,1.5,200,0.7,269.21999999999997,384.6,0.0002,not_reached,,206.0,go_pso_reference,,
GO,5,1.5,200,0.8,307.68000000000006,384.6,0.0002,not_reached,,206.0,go_pso_reference,,
GO,5,1.5,200,0.9,346.14000000000004,384.6,0.0002,not_reached,,206.0,go_pso_reference,,
GO,1,1.5,400,0.1,38.46000000000001,384.6,0.0002,reached,18,254.0,go_pso_reference,1.4445022245334258,0.08025012358519032
GO,1,1.5,400,0.2,76.92000000000002,384.6,0.0002,reached,39,254.0,go_pso_reference,3.250130005200208,0.08333666680000533
GO,1,1.5,400,0.3,115.38,384.6,0.0002,reached,112,254.0,go_pso_reference,5.5716514374860715,0.049746887834697065
GO,1,1.5,400,0.4,153.84000000000003,384.6,0.0002,reached,168,254.0,go_pso_reference,8.667013347200555,0.05158936516190807
GO,1,1.5,400,0.5,192.3,384.6,0.0002,reached,216,254.0,go_pso_reference,13.000520020800831,0.06018759268889274
GO,1,1.5,400,0.6,230.76,384.6,0.0002,reached,328,254.0,go_pso_reference,19.500780031201245,0.05945359765610136
GO,1,1.5,400,0.7,269.21999999999997,384.6,0.0002,not_reached,,254.0,go_pso_reference,,
GO,1,1.5,400,0.8,307.68000000000006,384.6,0.0002,not_reached,,254.0,go_pso_reference,,
GO,1,1.5,400,0.9,346.14000000000004,384.6,0.0002,not_reached,,254.0,go_pso_reference,,
GO,2,1.5,400,0.1,38.46000000000001,384.6,0.0002,reached,16,248.0,go_pso_reference,1.4445022245334258,0.09028138903333911
GO,2,1.5,400,0.2,76.92000000000002,384.6,0.0002,reached,40,248.0,go_pso_reference,3.250130005200208,0.0812532501300052
GO,2,1.5,400,0.3,115.38,384.6,0.0002,reached,60,248.0,go_pso_reference,5.5716514374860715,0.09286085729143452
GO,2,1.5,400,0.4,153.84000000000003,384.6,0.0002,reached,102,248.0,go_pso_reference,8.667013347200555,0.08497071909020153
GO,2,1.5,400,0.5,192.3,384.6,0.0002,reached,186,248.0,go_pso_reference,13.000520020800831,0.06989526892903673
GO,2,1.5,400,0.6,230.76,384.6,0.0002,reached,281,248.0,go_pso_reference,19.500780031201245,0.0693977937053425
GO,2,1.5,400,0.7,269.21999999999997,384.6,0.0002,not_reached,,248.0,go_pso_reference,,
GO,2,1.5,400,0.8,307.68000000000006,384.6,0.0002,not_reached,,248.0,go_pso_reference,,
GO,2,1.5,400,0.9,346.14000000000004,384.6,0.0002,not_reached,,248.0,go_pso_reference,,
GO,3,1.5,400,0.1,38.46000000000001,384.6,0.0002,reached,18,256.0,go_pso_reference,1.4445022245334258,0.08025012358519032
GO,3,1.5,400,0.2,76.92000000000002,384.6,0.0002,reached,34,256.0,go_pso_reference,3.250130005200208,0.0955920589764767
GO,3,1.5,400,0.3,115.38,384.6,0.0002,reached,79,256.0,go_pso_reference,5.5716514374860715,0.07052723338589964
GO,3,1.5,400,0.4,153.84000000000003,384.6,0.0002,reached,118,256.0,go_pso_reference,8.667013347200555,0.073449265654242
GO,3,1.5,400,0.5,192.3,384.6,0.0002,reached,191,256.0,go_pso_reference,13.000520020800831,0.06806554984712478
GO,3,1.5,400,0.6,230.76,384.6,0.0002,reached,316,256.0,go_pso_reference,19.500780031201245,0.06171132921266217
GO,3,1.5,400,0.7,269.21999999999997,384.6,0.0002,not_reached,,256.0,go_pso_reference,,
GO,3,1.5,400,0.8,307.68000000000006,384.6,0.0002,not_reached,,256.0,go_pso_reference,,
GO,3,1.5,400,0.9,346.14000000000004,384.6,0.0002,not_reached,,256.0,go_pso_reference,,
GO,4,1.5,400,0.1,38.46000000000001,384.6,0.0002,reached,27,274.0,go_pso_reference,1.4445022245334258,0.05350008239012688
GO,4,1.5,400,0.2,76.92000000000002,384.6,0.0002,reached,49,274.0,go_pso_reference,3.250130005200208,0.06632918377959608
GO,4,1.5,400,0.3,115.38,384.6,0.0002,reached,71,274.0,go_pso_reference,5.5716514374860715,0.07847396390825453
GO,4,1.5,400,0.4,153.84000000000003,384.6,0.0002,reached,121,274.0,go_pso_reference,8.667013347200555,0.07162820948099632
GO,4,1.5,400,0.5,192.3,384.6,0.0002,reached,191,274.0,go_pso_reference,13.000520020800831,0.06806554984712478
GO,4,1.5,400,0.6,230.76,384.6,0.0002,reached,247,274.0,go_pso_reference,19.500780031201245,0.0789505264421103
GO,4,1.5,400,0.7,269.21999999999997,384.6,0.0002,reached,386,274.0,go_pso_reference,30.334546715201935,0.07858690858860605
GO,4,1.5,400,0.8,307.68000000000006,384.6,0.0002,not_reached,,274.0,go_pso_reference,,
GO,4,1.5,400,0.9,346.14000000000004,384.6,0.0002,not_reached,,274.0,go_pso_reference,,
GO,5,1.5,400,0.1,38.46000000000001,384.6,0.0002,reached,15,268.0,go_pso_reference,1.4445022245334258,0.09630014830222838
GO,5,1.5,400,0.2,76.92000000000002,384.6,0.0002,reached,26,268.0,go_pso_reference,3.250130005200208,0.125005000200008
GO,5,1.5,400,0.3,115.38,384.6,0.0002,reached,74,268.0,go_pso_reference,5.5716514374860715,0.07529258699305502
GO,5,1.5,400,0.4,153.84000000000003,384.6,0.0002,reached,118,268.0,go_pso_reference,8.667013347200555,0.073449265654242
GO,5,1.5,400,0.5,192.3,384.6,0.0002,reached,163,268.0,go_pso_reference,13.000520020800831,0.0797577915386554
GO,5,1.5,400,0.6,230.76,384.6,0.0002,reached,263,268.0,go_pso_reference,19.500780031201245,0.0741474525901188
GO,5,1.5,400,0.7,269.21999999999997,384.6,0.0002,not_reached,,268.0,go_pso_reference,,
GO,5,1.5,400,0.8,307.68000000000006,384.6,0.0002,not_reached,,268.0,go_pso_reference,,
GO,5,1.5,400,0.9,346.14000000000004,384.6,0.0002,not_reached,,268.0,go_pso_reference,,
GO,1,1.5,600,0.1,38.46000000000001,384.6,0.0002,reached,18,280.0,go_pso_reference,1.4445022245334258,0.08025012358519032
GO,1,1.5,600,0.2,76.92000000000002,384.6,0.0002,reached,39,280.0,go_pso_reference,3.250130005200208,0.08333666680000533
GO,1,1.5,600,0.3,115.38,384.6,0.0002,reached,112,280.0,go_pso_reference,5.5716514374860715,0.049746887834697065
GO,1,1.5,600,0.4,153.84000000000003,384.6,0.0002,reached,168,280.0,go_pso_reference,8.667013347200555,0.05158936516190807
GO,1,1.5,600,0.5,192.3,384.6,0.0002,reached,216,280.0,go_pso_reference,13.000520020800831,0.06018759268889274
GO,1,1.5,600,0.6,230.76,384.6,0.0002,reached,328,280.0,go_pso_reference,19.500780031201245,0.05945359765610136
GO,1,1.5,600,0.7,269.21999999999997,384.6,0.0002,reached,489,280.0,go_pso_reference,30.334546715201935,0.06203383786339864
GO,1,1.5,600,0.8,307.68000000000006,384.6,0.0002,not_reached,,280.0,go_pso_reference,,
GO,1,1.5,600,0.9,346.14000000000004,384.6,0.0002,not_reached,,280.0,go_pso_reference,,
GO,2,1.5,600,0.1,38.46000000000001,384.6,0.0002,reached,16,288.0,go_pso_reference,1.4445022245334258,0.09028138903333911
GO,2,1.5,600,0.2,76.92000000000002,384.6,0.0002,reached,40,288.0,go_pso_reference,3.250130005200208,0.0812532501300052
GO,2,1.5,600,0.3,115.38,384.6,0.0002,reached,60,288.0,go_pso_reference,5.5716514374860715,0.09286085729143452
GO,2,1.5,600,0.4,153.84000000000003,384.6,0.0002,reached,102,288.0,go_pso_reference,8.667013347200555,0.08497071909020153
GO,2,1.5,600,0.5,192.3,384.6,0.0002,reached,186,288.0,go_pso_reference,13.000520020800831,0.06989526892903673
GO,2,1.5,600,0.6,230.76,384.6,0.0002,reached,281,288.0,go_pso_reference,19.500780031201245,0.0693977937053425
GO,2,1.5,600,0.7,269.21999999999997,384.6,0.0002,reached,511,288.0,go_pso_reference,30.334546715201935,0.059363105117812
GO,2,1.5,600,0.8,307.68000000000006,384.6,0.0002,not_reached,,288.0,go_pso_reference,,
GO,2,1.5,600,0.9,346.14000000000004,384.6,0.0002,not_reached,,288.0,go_pso_reference,,
GO,3,1.5,600,0.1,38.46000000000001,384.6,0.0002,reached,18,304.0,go_pso_reference,1.4445022245334258,0.08025012358519032
GO,3,1.5,600,0.2,76.92000000000002,384.6,0.0002,reached,34,304.0,go_pso_reference,3.250130005200208,0.0955920589764767
GO,3,1.5,600,0.3,115.38,384.6,0.0002,reached,79,304.0,go_pso_reference,5.5716514374860715,0.07052723338589964
GO,3,1.5,600,0.4,153.84000000000003,384.6,0.0002,reached,118,304.0,go_pso_reference,8.667013347200555,0.073449265654242
GO,3,1.5,600,0.5,192.3,384.6,0.0002,reached,191,304.0,go_pso_reference,13.000520020800831,0.06806554984712478
GO,3,1.5,600,0.6,230.76,384.6,0.0002,reached,316,304.0,go_pso_reference,19.500780031201245,0.06171132921266217
GO,3,1.5,600,0.7,269.21999999999997,384.6,0.0002,reached,484,304.0,go_pso_reference,30.334546715201935,0.06267468329587177
GO,3,1.5,600,0.8,307.68000000000006,384.6,0.0002,not_reached,,304.0,go_pso_reference,,
GO,3,1.5,600,0.9,346.14000000000004,384.6,0.0002,not_reached,,304.0,go_pso_reference,,
GO,4,1.5,600,0.1,38.46000000000001,384.6,0.0002,reached,27,304.0,go_pso_reference,1.4445022245334258,0.05350008239012688
GO,4,1.5,600,0.2,76.92000000000002,384.6,0.0002,reached,49,304.0,go_pso_reference,3.250130005200208,0.06632918377959608
GO,4,1.5,600,0.3,115.38,384.6,0.0002,reached,71,304.0,go_pso_reference,5.5716514374860715,0.07847396390825453
GO,4,1.5,600,0.4,153.84000000000003,384.6,0.0002,reached,121,304.0,go_pso_reference,8.667013347200555,0.07162820948099632
GO,4,1.5,600,0.5,192.3,384.6,0.0002,reached,191,304.0,go_pso_reference,13.000520020800831,0.06806554984712478
GO,4,1.5,600,0.6,230.76,384.6,0.0002,reached,247,304.0,go_pso_reference,19.500780031201245,0.0789505264421103
GO,4,1.5,600,0.7,269.21999999999997,384.6,0.0002,reached,386,304.0,go_pso_reference,30.334546715201935,0.07858690858860605
GO,4,1.5,600,0.8,307.68000000000006,384.6,0.0002,not_reached,,304.0,go_pso_reference,,
GO,4,1.5,600,0.9,346.14000000000004,384.6,0.0002,not_reached,,304.0,go_pso_reference,,
GO,5,1.5,600,0.1,38.46000000000001,384.6,0.0002,reached,15,308.0,go_pso_reference,1.4445022245334258,0.09630014830222838
GO,5,1.5,600,0.2,76.92000000000002,384.6,0.0002,reached,26,308.0,go_pso_reference,3.250130005200208,0.125005000200008
GO,5,1.5,600,0.3,115.38,384.6,0.0002,reached,74,308.0,go_pso_reference,5.5716514374860715,0.07529258699305502
GO,5,1.5,600,0.4,153.84000000000003,384.6,0.0002,reached,118,308.0,go_pso_reference,8.667013347200555,0.073449265654242
GO,5,1.5,600,0.5,192.3,384.6,0.0002,reached,163,308.0,go_pso_reference,13.000520020800831,0.0797577915386554
GO,5,1.5,600,0.6,230.76,384.6,0.0002,reached,263,308.0,go_pso_reference,19.500780031201245,0.0741474525901188
GO,5,1.5,600,0.7,269.21999999999997,384.6,0.0002,reached,402,308.0,go_pso_reference,30.334546715201935,0.07545907143085058
GO,5,1.5,600,0.8,307.68000000000006,384.6,0.0002,reached,558,308.0,go_pso_reference,52.002080083203346,0.09319369190538233
GO,5,1.5,600,0.9,346.14000000000004,384.6,0.0002,not_reached,,308.0,go_pso_reference,,
GO,1,1.5,800,0.1,38.46000000000001,384.6,0.0002,reached,18,308.0,go_pso_reference,1.4445022245334258,0.08025012358519032
GO,1,1.5,800,0.2,76.92000000000002,384.6,0.0002,reached,39,308.0,go_pso_reference,3.250130005200208,0.08333666680000533
GO,1,1.5,800,0.3,115.38,384.6,0.0002,reached,112,308.0,go_pso_reference,5.5716514374860715,0.049746887834697065
GO,1,1.5,800,0.4,153.84000000000003,384.6,0.0002,reached,168,308.0,go_pso_reference,8.667013347200555,0.05158936516190807
GO,1,1.5,800,0.5,192.3,384.6,0.0002,reached,216,308.0,go_pso_reference,13.000520020800831,0.06018759268889274
GO,1,1.5,800,0.6,230.76,384.6,0.0002,reached,328,308.0,go_pso_reference,19.500780031201245,0.05945359765610136
GO,1,1.5,800,0.7,269.21999999999997,384.6,0.0002,reached,489,308.0,go_pso_reference,30.334546715201935,0.06203383786339864
GO,1,1.5,800,0.8,307.68000000000006,384.6,0.0002,reached,763,308.0,go_pso_reference,52.002080083203346,0.06815475764508958
GO,1,1.5,800,0.9,346.14000000000004,384.6,0.0002,not_reached,,308.0,go_pso_reference,,
GO,2,1.5,800,0.1,38.46000000000001,384.6,0.0002,reached,16,314.0,go_pso_reference,1.4445022245334258,0.09028138903333911
GO,2,1.5,800,0.2,76.92000000000002,384.6,0.0002,reached,40,314.0,go_pso_reference,3.250130005200208,0.0812532501300052
GO,2,1.5,800,0.3,115.38,384.6,0.0002,reached,60,314.0,go_pso_reference,5.5716514374860715,0.09286085729143452
GO,2,1.5,800,0.4,153.84000000000003,384.6,0.0002,reached,102,314.0,go_pso_reference,8.667013347200555,0.08497071909020153
GO,2,1.5,800,0.5,192.3,384.6,0.0002,reached,186,314.0,go_pso_reference,13.000520020800831,0.06989526892903673
GO,2,1.5,800,0.6,230.76,384.6,0.0002,reached,281,314.0,go_pso_reference,19.500780031201245,0.0693977937053425
GO,2,1.5,800,0.7,269.21999999999997,384.6,0.0002,reached,511,314.0,go_pso_reference,30.334546715201935,0.059363105117812
GO,2,1.5,800,0.8,307.68000000000006,384.6,0.0002,reached,741,314.0,go_pso_reference,52.002080083203346,0.07017824572632031
GO,2,1.5,800,0.9,346.14000000000004,384.6,0.0002,not_reached,,314.0,go_pso_reference,,
GO,3,1.5,800,0.1,38.46000000000001,384.6,0.0002,reached,18,318.0,go_pso_reference,1.4445022245334258,0.08025012358519032
GO,3,1.5,800,0.2,76.92000000000002,384.6,0.0002,reached,34,318.0,go_pso_reference,3.250130005200208,0.0955920589764767
GO,3,1.5,800,0.3,115.38,384.6,0.0002,reached,79,318.0,go_pso_reference,5.5716514374860715,0.07052723338589964
GO,3,1.5,800,0.4,153.84000000000003,384.6,0.0002,reached,118,318.0,go_pso_reference,8.667013347200555,0.073449265654242
GO,3,1.5,800,0.5,192.3,384.6,0.0002,reached,191,318.0,go_pso_reference,13.000520020800831,0.06806554984712478
GO,3,1.5,800,0.6,230.76,384.6,0.0002,reached,316,318.0,go_pso_reference,19.500780031201245,0.06171132921266217
GO,3,1.5,800,0.7,269.21999999999997,384.6,0.0002,reached,484,318.0,go_pso_reference,30.334546715201935,0.06267468329587177
GO,3,1.5,800,0.8,307.68000000000006,384.6,0.0002,reached,614,318.0,go_pso_reference,52.002080083203346,0.08469394150358851
GO,3,1.5,800,0.9,346.14000000000004,384.6,0.0002,not_reached,,318.0,go_pso_reference,,
GO,4,1.5,800,0.1,38.46000000000001,384.6,0.0002,reached,27,330.0,go_pso_reference,1.4445022245334258,0.05350008239012688
GO,4,1.5,800,0.2,76.92000000000002,384.6,0.0002,reached,49,330.0,go_pso_reference,3.250130005200208,0.06632918377959608
GO,4,1.5,800,0.3,115.38,384.6,0.0002,reached,71,330.0,go_pso_reference,5.5716514374860715,0.07847396390825453
GO,4,1.5,800,0.4,153.84000000000003,384.6,0.0002,reached,121,330.0,go_pso_reference,8.667013347200555,0.07162820948099632
GO,4,1.5,800,0.5,192.3,384.6,0.0002,reached,191,330.0,go_pso_reference,13.000520020800831,0.06806554984712478
GO,4,1.5,800,0.6,230.76,384.6,0.0002,reached,247,330.0,go_pso_reference,19.500780031201245,0.0789505264421103
GO,4,1.5,800,0.7,269.21999999999997,384.6,0.0002,reached,386,330.0,go_pso_reference,30.334546715201935,0.07858690858860605
GO,4,1.5,800,0.8,307.68000000000006,384.6,0.0002,reached,648,330.0,go_pso_reference,52.002080083203346,0.08025012358519035
GO,4,1.5,800,0.9,346.14000000000004,384.6,0.0002,not_reached,,330.0,go_pso_reference,,
GO,5,1.5,800,0.1,38.46000000000001,384.6,0.0002,reached,15,326.0,go_pso_reference,1.4445022245334258,0.09630014830222838
GO,5,1.5,800,0.2,76.92000000000002,384.6,0.0002,reached,26,326.0,go_pso_reference,3.250130005200208,0.125005000200008
GO,5,1.5,800,0.3,115.38,384.6,0.0002,reached,74,326.0,go_pso_reference,5.5716514374860715,0.07529258699305502
GO,5,1.5,800,0.4,153.84000000000003,384.6,0.0002,reached,118,326.0,go_pso_reference,8.667013347200555,0.073449265654242
GO,5,1.5,800,0.5,192.3,384.6,0.0002,reached,163,326.0,go_pso_reference,13.000520020800831,0.0797577915386554
GO,5,1.5,800,0.6,230.76,384.6,0.0002,reached,263,326.0,go_pso_reference,19.500780031201245,0.0741474525901188
GO,5,1.5,800,0.7,269.21999999999997,384.6,0.0002,reached,402,326.0,go_pso_reference,30.334546715201935,0.07545907143085058
GO,5,1.5,800,0.8,307.68000000000006,384.6,0.0002,reached,558,326.0,go_pso_reference,52.002080083203346,0.09319369190538233
GO,5,1.5,800,0.9,346.14000000000004,384.6,0.0002,not_reached,,326.0,go_pso_reference,,
GO,1,1.0,1000,0.1,38.46000000000001,384.6,0.0002,reached,47,266.0,go_pso_reference,1.4445022245334258,0.030734089883689912
GO,1,1.0,1000,0.2,76.92000000000002,384.6,0.0002,reached,96,266.0,go_pso_reference,3.250130005200208,0.03385552088750216
GO,1,1.0,1000,0.3,115.38,384.6,0.0002,reached,186,266.0,go_pso_reference,5.5716514374860715,0.029955115255301458
GO,1,1.0,1000,0.4,153.84000000000003,384.6,0.0002,reached,273,266.0,go_pso_reference,8.667013347200555,0.031747301638097275
GO,1,1.0,1000,0.5,192.3,384.6,0.0002,reached,426,266.0,go_pso_reference,13.000520020800831,0.030517652630987865
GO,1,1.0,1000,0.6,230.76,384.6,0.0002,reached,633,266.0,go_pso_reference,19.500780031201245,0.030806919480570686
GO,1,1.0,1000,0.7,269.21999999999997,384.6,0.0002,not_reached,,266.0,go_pso_reference,,
GO,1,1.0,1000,0.8,307.68000000000006,384.6,0.0002,not_reached,,266.0,go_pso_reference,,
GO,1,1.0,1000,0.9,346.14000000000004,384.6,0.0002,not_reached,,266.0,go_pso_reference,,
GO,2,1.0,1000,0.1,38.46000000000001,384.6,0.0002,reached,36,288.0,go_pso_reference,1.4445022245334258,0.04012506179259516
GO,2,1.0,1000,0.2,76.92000000000002,384.6,0.0002,reached,76,288.0,go_pso_reference,3.250130005200208,0.042764868489476415
GO,2,1.0,1000,0.3,115.38,384.6,0.0002,reached,126,288.0,go_pso_reference,5.5716514374860715,0.04421945585306406
GO,2,1.0,1000,0.4,153.84000000000003,384.6,0.0002,reached,195,288.0,go_pso_reference,8.667013347200555,0.04444622229333618
GO,2,1.0,1000,0.5,192.3,384.6,0.0002,reached,304,288.0,go_pso_reference,13.000520020800831,0.042764868489476415
GO,2,1.0,1000,0.6,230.76,384.6,0.0002,reached,481,288.0,go_pso_reference,19.500780031201245,0.04054216222702962
GO,2,1.0,1000,0.7,269.21999999999997,384.6,0.0002,reached,786,288.0,go_pso_reference,30.334546715201935,0.03859357088448083
GO,2,1.0,1000,0.8,307.68000000000006,384.6,0.0002,not_reached,,288.0,go_pso_reference,,
GO,2,1.0,1000,0.9,346.14000000000004,384.6,0.0002,not_reached,,288.0,go_pso_reference,,
GO,3,1.0,1000,0.1,38.46000000000001,384.6,0.0002,reached,41,282.0,go_pso_reference,1.4445022245334258,0.035231761573986
GO,3,1.0,1000,0.2,76.92000000000002,384.6,0.0002,reached,125,282.0,go_pso_reference,3.250130005200208,0.026001040041601663
GO,3,1.0,1000,0.3,115.38,384.6,0.0002,reached,193,282.0,go_pso_reference,5.5716514374860715,0.028868660297855293
GO,3,1.0,1000,0.4,153.84000000000003,384.6,0.0002,reached,318,282.0,go_pso_reference,8.667013347200555,0.027254758953460866
GO,3,1.0,1000,0.5,192.3,384.6,0.0002,reached,422,282.0,go_pso_reference,13.000520020800831,0.03080691948057069
GO,3,1.0,1000,0.6,230.76,384.6,0.0002,reached,620,282.0,go_pso_reference,19.500780031201245,0.03145287101806652
GO,3,1.0,1000,0.7,269.21999999999997,384.6,0.0002,reached,891,282.0,go_pso_reference,30.334546715201935,0.03404550697553528
GO,3,1.0,1000,0.8,307.68000000000006,384.6,0.0002,not_reached,,282.0,go_pso_reference,,
GO,3,1.0,1000,0.9,346.14000000000004,384.6,0.0002,not_reached,,282.0,go_pso_reference,,
GO,4,1.0,1000,0.1,38.46000000000001,384.6,0.0002,reached,44,258.0,go_pso_reference,1.4445022245334258,0.03282959601212331
GO,4,1.0,1000,0.2,76.92000000000002,384.6,0.0002,reached,90,258.0,go_pso_reference,3.250130005200208,0.036112555613335644
GO,4,1.0,1000,0.3,115.38,384.6,0.0002,reached,192,258.0,go_pso_reference,5.5716514374860715,0.02901901790357329
GO,4,1.0,1000,0.4,153.84000000000003,384.6,0.0002,reached,359,258.0,go_pso_reference,8.667013347200555,0.024142098460168678
GO,4,1.0,1000,0.5,192.3,384.6,0.0002,reached,512,258.0,go_pso_reference,13.000520020800831,0.025391640665626623
GO,4,1.0,1000,0.6,230.76,384.6,0.0002,reached,743,258.0,go_pso_reference,19.500780031201245,0.02624600273378364
GO,4,1.0,1000,0.7,269.21999999999997,384.6,0.0002,not_reached,,258.0,go_pso_reference,,
GO,4,1.0,1000,0.8,307.68000000000006,384.6,0.0002,not_reached,,258.0,go_pso_reference,,
GO,4,1.0,1000,0.9,346.14000000000004,384.6,0.0002,not_reached,,258.0,go_pso_reference,,
GO,5,1.0,1000,0.1,38.46000000000001,384.6,0.0002,reached,28,310.0,go_pso_reference,1.4445022245334258,0.05158936516190806
GO,5,1.0,1000,0.2,76.92000000000002,384.6,0.0002,reached,70,310.0,go_pso_reference,3.250130005200208,0.04643042864571725
GO,5,1.0,1000,0.3,115.38,384.6,0.0002,reached,131,310.0,go_pso_reference,5.5716514374860715,0.0425316903624891
GO,5,1.0,1000,0.4,153.84000000000003,384.6,0.0002,reached,182,310.0,go_pso_reference,8.667013347200555,0.047620952457145906
GO,5,1.0,1000,0.5,192.3,384.6,0.0002,reached,276,310.0,go_pso_reference,13.000520020800831,0.04710333340869866
GO,5,1.0,1000,0.6,230.76,384.6,0.0002,reached,486,310.0,go_pso_reference,19.500780031201245,0.04012506179259515
GO,5,1.0,1000,0.7,269.21999999999997,384.6,0.0002,reached,723,310.0,go_pso_reference,30.334546715201935,0.04195649614827377
GO,5,1.0,1000,0.8,307.68000000000006,384.6,0.0002,reached,970,310.0,go_pso_reference,52.002080083203346,0.05361039183835396
GO,5,1.0,1000,0.9,346.14000000000004,384.6,0.0002,not_reached,,310.0,go_pso_reference,,
GO,1,1.0,1500,0.1,38.46000000000001,384.6,0.0002,reached,47,298.0,go_pso_reference,1.4445022245334258,0.030734089883689912
GO,1,1.0,1500,0.2,76.92000000000002,384.6,0.0002,reached,96,298.0,go_pso_reference,3.250130005200208,0.03385552088750216
GO,1,1.0,1500,0.3,115.38,384.6,0.0002,reached,186,298.0,go_pso_reference,5.5716514374860715,0.029955115255301458
GO,1,1.0,1500,0.4,153.84000000000003,384.6,0.0002,reached,273,298.0,go_pso_reference,8.667013347200555,0.031747301638097275
GO,1,1.0,1500,0.5,192.3,384.6,0.0002,reached,426,298.0,go_pso_reference,13.000520020800831,0.030517652630987865
GO,1,1.0,1500,0.6,230.76,384.6,0.0002,reached,633,298.0,go_pso_reference,19.500780031201245,0.030806919480570686
GO,1,1.0,1500,0.7,269.21999999999997,384.6,0.0002,reached,1094,298.0,go_pso_reference,30.334546715201935,0.027728104858502682
GO,1,1.0,1500,0.8,307.68000000000006,384.6,0.0002,not_reached,,298.0,go_pso_reference,,
GO,1,1.0,1500,0.9,346.14000000000004,384.6,0.0002,not_reached,,298.0,go_pso_reference,,
GO,2,1.0,1500,0.1,38.46000000000001,384.6,0.0002,reached,36,320.0,go_pso_reference,1.4445022245334258,0.04012506179259516
GO,2,1.0,1500,0.2,76.92000000000002,384.6,0.0002,reached,76,320.0,go_pso_reference,3.250130005200208,0.042764868489476415
GO,2,1.0,1500,0.3,115.38,384.6,0.0002,reached,126,320.0,go_pso_reference,5.5716514374860715,0.04421945585306406
GO,2,1.0,1500,0.4,153.84000000000003,384.6,0.0002,reached,195,320.0,go_pso_reference,8.667013347200555,0.04444622229333618
GO,2,1.0,1500,0.5,192.3,384.6,0.0002,reached,304,320.0,go_pso_reference,13.000520020800831,0.042764868489476415
GO,2,1.0,1500,0.6,230.76,384.6,0.0002,reached,481,320.0,go_pso_reference,19.500780031201245,0.04054216222702962
GO,2,1.0,1500,0.7,269.21999999999997,384.6,0.0002,reached,786,320.0,go_pso_reference,30.334546715201935,0.03859357088448083
GO,2,1.0,1500,0.8,307.68000000000006,384.6,0.0002,reached,1332,320.0,go_pso_reference,52.002080083203346,0.039040600663065576
GO,2,1.0,1500,0.9,346.14000000000004,384.6,0.0002,not_reached,,320.0,go_pso_reference,,
GO,3,1.0,1500,0.1,38.46000000000001,384.6,0.0002,reached,41,314.0,go_pso_reference,1.4445022245334258,0.035231761573986
GO,3,1.0,1500,0.2,76.92000000000002,384.6,0.0002,reached,125,314.0,go_pso_reference,3.250130005200208,0.026001040041601663
GO,3,1.0,1500,0.3,115.38,384.6,0.0002,reached,193,314.0,go_pso_reference,5.5716514374860715,0.028868660297855293
GO,3,1.0,1500,0.4,153.84000000000003,384.6,0.0002,reached,318,314.0,go_pso_reference,8.667013347200555,0.027254758953460866
GO,3,1.0,1500,0.5,192.3,384.6,0.0002,reached,422,314.0,go_pso_reference,13.000520020800831,0.03080691948057069
GO,3,1.0,1500,0.6,230.76,384.6,0.0002,reached,620,314.0,go_pso_reference,19.500780031201245,0.03145287101806652
GO,3,1.0,1500,0.7,269.21999999999997,384.6,0.0002,reached,891,314.0,go_pso_reference,30.334546715201935,0.03404550697553528
GO,3,1.0,1500,0.8,307.68000000000006,384.6,0.0002,reached,1332,314.0,go_pso_reference,52.002080083203346,0.039040600663065576
GO,3,1.0,1500,0.9,346.14000000000004,384.6,0.0002,not_reached,,314.0,go_pso_reference,,
GO,4,1.0,1500,0.1,38.46000000000001,384.6,0.0002,reached,44,300.0,go_pso_reference,1.4445022245334258,0.03282959601212331
GO,4,1.0,1500,0.2,76.92000000000002,384.6,0.0002,reached,90,300.0,go_pso_reference,3.250130005200208,0.036112555613335644
GO,4,1.0,1500,0.3,115.38,384.6,0.0002,reached,192,300.0,go_pso_reference,5.5716514374860715,0.02901901790357329
GO,4,1.0,1500,0.4,153.84000000000003,384.6,0.0002,reached,359,300.0,go_pso_reference,8.667013347200555,0.024142098460168678
GO,4,1.0,1500,0.5,192.3,384.6,0.0002,reached,512,300.0,go_pso_reference,13.000520020800831,0.025391640665626623
GO,4,1.0,1500,0.6,230.76,384.6,0.0002,reached,743,300.0,go_pso_reference,19.500780031201245,0.02624600273378364
GO,4,1.0,1500,0.7,269.21999999999997,384.6,0.0002,reached,1132,300.0,go_pso_reference,30.334546715201935,0.02679730275194517
GO,4,1.0,1500,0.8,307.68000000000006,384.6,0.0002,not_reached,,300.0,go_pso_reference,,
GO,4,1.0,1500,0.9,346.14000000000004,384.6,0.0002,not_reached,,300.0,go_pso_reference,,
GO,5,1.0,1500,0.1,38.46000000000001,384.6,0.0002,reached,28,342.0,go_pso_reference,1.4445022245334258,0.05158936516190806
GO,5,1.0,1500,0.2,76.92000000000002,384.6,0.0002,reached,70,342.0,go_pso_reference,3.250130005200208,0.04643042864571725
GO,5,1.0,1500,0.3,115.38,384.6,0.0002,reached,131,342.0,go_pso_reference,5.5716514374860715,0.0425316903624891
GO,5,1.0,1500,0.4,153.84000000000003,384.6,0.0002,reached,182,342.0,go_pso_reference,8.667013347200555,0.047620952457145906
GO,5,1.0,1500,0.5,192.3,384.6,0.0002,reached,276,342.0,go_pso_reference,13.000520020800831,0.04710333340869866
GO,5,1.0,1500,0.6,230.76,384.6,0.0002,reached,486,342.0,go_pso_reference,19.500780031201245,0.04012506179259515
GO,5,1.0,1500,0.7,269.21999999999997,384.6,0.0002,reached,723,342.0,go_pso_reference,30.334546715201935,0.04195649614827377
GO,5,1.0,1500,0.8,307.68000000000006,384.6,0.0002,reached,970,342.0,go_pso_reference,52.002080083203346,0.05361039183835396
GO,5,1.0,1500,0.9,346.14000000000004,384.6,0.0002,not_reached,,342.0,go_pso_reference,,
GO,1,1.0,2000,0.1,38.46000000000001,384.6,0.0002,reached,47,316.0,go_pso_reference,1.4445022245334258,0.030734089883689912
GO,1,1.0,2000,0.2,76.92000000000002,384.6,0.0002,reached,96,316.0,go_pso_reference,3.250130005200208,0.03385552088750216
GO,1,1.0,2000,0.3,115.38,384.6,0.0002,reached,186,316.0,go_pso_reference,5.5716514374860715,0.029955115255301458
GO,1,1.0,2000,0.4,153.84000000000003,384.6,0.0002,reached,273,316.0,go_pso_reference,8.667013347200555,0.031747301638097275
GO,1,1.0,2000,0.5,192.3,384.6,0.0002,reached,426,316.0,go_pso_reference,13.000520020800831,0.030517652630987865
GO,1,1.0,2000,0.6,230.76,384.6,0.0002,reached,633,316.0,go_pso_reference,19.500780031201245,0.030806919480570686
GO,1,1.0,2000,0.7,269.21999999999997,384.6,0.0002,reached,1094,316.0,go_pso_reference,30.334546715201935,0.027728104858502682
GO,1,1.0,2000,0.8,307.68000000000006,384.6,0.0002,reached,1709,316.0,go_pso_reference,52.002080083203346,0.03042836751503999
GO,1,1.0,2000,0.9,346.14000000000004,384.6,0.0002,not_reached,,316.0,go_pso_reference,,
GO,2,1.0,2000,0.1,38.46000000000001,384.6,0.0002,reached,36,332.0,go_pso_reference,1.4445022245334258,0.04012506179259516
GO,2,1.0,2000,0.2,76.92000000000002,384.6,0.0002,reached,76,332.0,go_pso_reference,3.250130005200208,0.042764868489476415
GO,2,1.0,2000,0.3,115.38,384.6,0.0002,reached,126,332.0,go_pso_reference,5.5716514374860715,0.04421945585306406
GO,2,1.0,2000,0.4,153.84000000000003,384.6,0.0002,reached,195,332.0,go_pso_reference,8.667013347200555,0.04444622229333618
GO,2,1.0,2000,0.5,192.3,384.6,0.0002,reached,304,332.0,go_pso_reference,13.000520020800831,0.042764868489476415
GO,2,1.0,2000,0.6,230.76,384.6,0.0002,reached,481,332.0,go_pso_reference,19.500780031201245,0.04054216222702962
GO,2,1.0,2000,0.7,269.21999999999997,384.6,0.0002,reached,786,332.0,go_pso_reference,30.334546715201935,0.03859357088448083
GO,2,1.0,2000,0.8,307.68000000000006,384.6,0.0002,reached,1332,332.0,go_pso_reference,52.002080083203346,0.039040600663065576
GO,2,1.0,2000,0.9,346.14000000000004,384.6,0.0002,not_reached,,332.0,go_pso_reference,,
GO,3,1.0,2000,0.1,38.46000000000001,384.6,0.0002,reached,41,334.0,go_pso_reference,1.4445022245334258,0.035231761573986
GO,3,1.0,2000,0.2,76.92000000000002,384.6,0.0002,reached,125,334.0,go_pso_reference,3.250130005200208,0.026001040041601663
GO,3,1.0,2000,0.3,115.38,384.6,0.0002,reached,193,334.0,go_pso_reference,5.5716514374860715,0.028868660297855293
GO,3,1.0,2000,0.4,153.84000000000003,384.6,0.0002,reached,318,334.0,go_pso_reference,8.667013347200555,0.027254758953460866
GO,3,1.0,2000,0.5,192.3,384.6,0.0002,reached,422,334.0,go_pso_reference,13.000520020800831,0.03080691948057069
GO,3,1.0,2000,0.6,230.76,384.6,0.0002,reached,620,334.0,go_pso_reference,19.500780031201245,0.03145287101806652
GO,3,1.0,2000,0.7,269.21999999999997,384.6,0.0002,reached,891,334.0,go_pso_reference,30.334546715201935,0.03404550697553528
GO,3,1.0,2000,0.8,307.68000000000006,384.6,0.0002,reached,1332,334.0,go_pso_reference,52.002080083203346,0.039040600663065576
GO,3,1.0,2000,0.9,346.14000000000004,384.6,0.0002,not_reached,,334.0,go_pso_reference,,
GO,4,1.0,2000,0.1,38.46000000000001,384.6,0.0002,reached,44,326.0,go_pso_reference,1.4445022245334258,0.03282959601212331
GO,4,1.0,2000,0.2,76.92000000000002,384.6,0.0002,reached,90,326.0,go_pso_reference,3.250130005200208,0.036112555613335644
GO,4,1.0,2000,0.3,115.38,384.6,0.0002,reached,192,326.0,go_pso_reference,5.5716514374860715,0.02901901790357329
GO,4,1.0,2000,0.4,153.84000000000003,384.6,0.0002,reached,359,326.0,go_pso_reference,8.667013347200555,0.024142098460168678
GO,4,1.0,2000,0.5,192.3,384.6,0.0002,reached,512,326.0,go_pso_reference,13.000520020800831,0.025391640665626623
GO,4,1.0,2000,0.6,230.76,384.6,0.0002,reached,743,326.0,go_pso_reference,19.500780031201245,0.02624600273378364
GO,4,1.0,2000,0.7,269.21999999999997,384.6,0.0002,reached,1132,326.0,go_pso_reference,30.334546715201935,0.02679730275194517
GO,4,1.0,2000,0.8,307.68000000000006,384.6,0.0002,reached,1596,326.0,go_pso_reference,52.002080083203346,0.032582756944363
GO,4,1.0,2000,0.9,346.14000000000004,384.6,0.0002,not_reached,,326.0,go_pso_reference,,
GO,5,1.0,2000,0.1,38.46000000000001,384.6,0.0002,reached,28,350.0,go_pso_reference,1.4445022245334258,0.05158936516190806
GO,5,1.0,2000,0.2,76.92000000000002,384.6,0.0002,reached,70,350.0,go_pso_reference,3.250130005200208,0.04643042864571725
GO,5,1.0,2000,0.3,115.38,384.6,0.0002,reached,131,350.0,go_pso_reference,5.5716514374860715,0.0425316903624891
GO,5,1.0,2000,0.4,153.84000000000003,384.6,0.0002,reached,182,350.0,go_pso_reference,8.667013347200555,0.047620952457145906
GO,5,1.0,2000,0.5,192.3,384.6,0.0002,reached,276,350.0,go_pso_reference,13.000520020800831,0.04710333340869866
GO,5,1.0,2000,0.6,230.76,384.6,0.0002,reached,486,350.0,go_pso_reference,19.500780031201245,0.04012506179259515
GO,5,1.0,2000,0.7,269.21999999999997,384.6,0.0002,reached,723,350.0,go_pso_reference,30.334546715201935,0.04195649614827377
GO,5,1.0,2000,0.8,307.68000000000006,384.6,0.0002,reached,970,350.0,go_pso_reference,52.002080083203346,0.05361039183835396
GO,5,1.0,2000,0.9,346.14000000000004,384.6,0.0002,reached,1898,350.0,go_pso_reference,117.00468018720751,0.06164630146849711
GO,1,1.0,200,0.1,38.46000000000001,384.6,0.0002,reached,47,128.0,go_pso_reference,1.4445022245334258,0.030734089883689912
GO,1,1.0,200,0.2,76.92000000000002,384.6,0.0002,reached,96,128.0,go_pso_reference,3.250130005200208,0.03385552088750216
GO,1,1.0,200,0.3,115.38,384.6,0.0002,reached,186,128.0,go_pso_reference,5.5716514374860715,0.029955115255301458
GO,1,1.0,200,0.4,153.84000000000003,384.6,0.0002,not_reached,,128.0,go_pso_reference,,
GO,1,1.0,200,0.5,192.3,384.6,0.0002,not_reached,,128.0,go_pso_reference,,
GO,1,1.0,200,0.6,230.76,384.6,0.0002,not_reached,,128.0,go_pso_reference,,
GO,1,1.0,200,0.7,269.21999999999997,384.6,0.0002,not_reached,,128.0,go_pso_reference,,
GO,1,1.0,200,0.8,307.68000000000006,384.6,0.0002,not_reached,,128.0,go_pso_reference,,
GO,1,1.0,200,0.9,346.14000000000004,384.6,0.0002,not_reached,,128.0,go_pso_reference,,
GO,2,1.0,200,0.1,38.46000000000001,384.6,0.0002,reached,36,156.0,go_pso_reference,1.4445022245334258,0.04012506179259516
GO,2,1.0,200,0.2,76.92000000000002,384.6,0.0002,reached,76,156.0,go_pso_reference,3.250130005200208,0.042764868489476415
GO,2,1.0,200,0.3,115.38,384.6,0.0002,reached,126,156.0,go_pso_reference,5.5716514374860715,0.04421945585306406
GO,2,1.0,200,0.4,153.84000000000003,384.6,0.0002,reached,195,156.0,go_pso_reference,8.667013347200555,0.04444622229333618
GO,2,1.0,200,0.5,192.3,384.6,0.0002,not_reached,,156.0,go_pso_reference,,
GO,2,1.0,200,0.6,230.76,384.6,0.0002,not_reached,,156.0,go_pso_reference,,
GO,2,1.0,200,0.7,269.21999999999997,384.6,0.0002,not_reached,,156.0,go_pso_reference,,
GO,2,1.0,200,0.8,307.68000000000006,384.6,0.0002,not_reached,,156.0,go_pso_reference,,
GO,2,1.0,200,0.9,346.14000000000004,384.6,0.0002,not_reached,,156.0,go_pso_reference,,
GO,3,1.0,200,0.1,38.46000000000001,384.6,0.0002,reached,41,117.99999999999999,go_pso_reference,1.4445022245334258,0.035231761573986
GO,3,1.0,200,0.2,76.92000000000002,384.6,0.0002,reached,125,117.99999999999999,go_pso_reference,3.250130005200208,0.026001040041601663
GO,3,1.0,200,0.3,115.38,384.6,0.0002,reached,193,117.99999999999999,go_pso_reference,5.5716514374860715,0.028868660297855293
GO,3,1.0,200,0.4,153.84000000000003,384.6,0.0002,not_reached,,117.99999999999999,go_pso_reference,,
GO,3,1.0,200,0.5,192.3,384.6,0.0002,not_reached,,117.99999999999999,go_pso_reference,,
GO,3,1.0,200,0.6,230.76,384.6,0.0002,not_reached,,117.99999999999999,go_pso_reference,,
GO,3,1.0,200,0.7,269.21999999999997,384.6,0.0002,not_reached,,117.99999999999999,go_pso_reference,,
GO,3,1.0,200,0.8,307.68000000000006,384.6,0.0002,not_reached,,117.99999999999999,go_pso_reference,,
GO,3,1.0,200,0.9,346.14000000000004,384.6,0.0002,not_reached,,117.99999999999999,go_pso_reference,,
GO,4,1.0,200,0.1,38.46000000000001,384.6,0.0002,reached,44,117.99999999999999,go_pso_reference,1.4445022245334258,0.03282959601212331
GO,4,1.0,200,0.2,76.92000000000002,384.6,0.0002,reached,90,117.99999999999999,go_pso_reference,3.250130005200208,0.036112555613335644
GO,4,1.0,200,0.3,115.38,384.6,0.0002,reached,192,117.99999999999999,go_pso_reference,5.5716514374860715,0.02901901790357329
GO,4,1.0,200,0.4,153.84000000000003,384.6,0.0002,not_reached,,117.99999999999999,go_pso_reference,,
GO,4,1.0,200,0.5,192.3,384.6,0.0002,not_reached,,117.99999999999999,go_pso_reference,,
GO,4,1.0,200,0.6,230.76,384.6,0.0002,not_reached,,117.99999999999999,go_pso_reference,,
GO,4,1.0,200,0.7,269.21999999999997,384.6,0.0002,not_reached,,117.99999999999999,go_pso_reference,,
GO,4,1.0,200,0.8,307.68000000000006,384.6,0.0002,not_reached,,117.99999999999999,go_pso_reference,,
GO,4,1.0,200,0.9,346.14000000000004,384.6,0.0002,not_reached,,117.99999999999999,go_pso_reference,,
GO,5,1.0,200,0.1,38.46000000000001,384.6,0.0002,reached,28,160.0,go_pso_reference,1.4445022245334258,0.05158936516190806
GO,5,1.0,200,0.2,76.92000000000002,384.6,0.0002,reached,70,160.0,go_pso_reference,3.250130005200208,0.04643042864571725
GO,5,1.0,200,0.3,115.38,384.6,0.0002,reached,131,160.0,go_pso_reference,5.5716514374860715,0.0425316903624891
GO,5,1.0,200,0.4,153.84000000000003,384.6,0.0002,reached,182,160.0,go_pso_reference,8.667013347200555,0.047620952457145906
GO,5,1.0,200,0.5,192.3,384.6,0.0002,not_reached,,160.0,go_pso_reference,,
GO,5,1.0,200,0.6,230.76,384.6,0.0002,not_reached,,160.0,go_pso_reference,,
GO,5,1.0,200,0.7,269.21999999999997,384.6,0.0002,not_reached,,160.0,go_pso_reference,,
GO,5,1.0,200,0.8,307.68000000000006,384.6,0.0002,not_reached,,160.0,go_pso_reference,,
GO,5,1.0,200,0.9,346.14000000000004,384.6,0.0002,not_reached,,160.0,go_pso_reference,,
GO,1,1.0,400,0.1,38.46000000000001,384.6,0.0002,reached,47,186.0,go_pso_reference,1.4445022245334258,0.030734089883689912
GO,1,1.0,400,0.2,76.92000000000002,384.6,0.0002,reached,96,186.0,go_pso_reference,3.250130005200208,0.03385552088750216
GO,1,1.0,400,0.3,115.38,384.6,0.0002,reached,186,186.0,go_pso_reference,5.5716514374860715,0.029955115255301458
GO,1,1.0,400,0.4,153.84000000000003,384.6,0.0002,reached,273,186.0,go_pso_reference,8.667013347200555,0.031747301638097275
GO,1,1.0,400,0.5,192.3,384.6,0.0002,not_reached,,186.0,go_pso_reference,,
GO,1,1.0,400,0.6,230.76,384.6,0.0002,not_reached,,186.0,go_pso_reference,,
GO,1,1.0,400,0.7,269.21999999999997,384.6,0.0002,not_reached,,186.0,go_pso_reference,,
GO,1,1.0,400,0.8,307.68000000000006,384.6,0.0002,not_reached,,186.0,go_pso_reference,,
GO,1,1.0,400,0.9,346.14000000000004,384.6,0.0002,not_reached,,186.0,go_pso_reference,,
GO,2,1.0,400,0.1,38.46000000000001,384.6,0.0002,reached,36,220.0,go_pso_reference,1.4445022245334258,0.04012506179259516
GO,2,1.0,400,0.2,76.92000000000002,384.6,0.0002,reached,76,220.0,go_pso_reference,3.250130005200208,0.042764868489476415
GO,2,1.0,400,0.3,115.38,384.6,0.0002,reached,126,220.0,go_pso_reference,5.5716514374860715,0.04421945585306406
GO,2,1.0,400,0.4,153.84000000000003,384.6,0.0002,reached,195,220.0,go_pso_reference,8.667013347200555,0.04444622229333618
GO,2,1.0,400,0.5,192.3,384.6,0.0002,reached,304,220.0,go_pso_reference,13.000520020800831,0.042764868489476415
GO,2,1.0,400,0.6,230.76,384.6,0.0002,not_reached,,220.0,go_pso_reference,,
GO,2,1.0,400,0.7,269.21999999999997,384.6,0.0002,not_reached,,220.0,go_pso_reference,,
GO,2,1.0,400,0.8,307.68000000000006,384.6,0.0002,not_reached,,220.0,go_pso_reference,,
GO,2,1.0,400,0.9,346.14000000000004,384.6,0.0002,not_reached,,220.0,go_pso_reference,,
GO,3,1.0,400,0.1,38.46000000000001,384.6,0.0002,reached,41,188.0,go_pso_reference,1.4445022245334258,0.035231761573986
GO,3,1.0,400,0.2,76.92000000000002,384.6,0.0002,reached,125,188.0,go_pso_reference,3.250130005200208,0.026001040041601663
GO,3,1.0,400,0.3,115.38,384.6,0.0002,reached,193,188.0,go_pso_reference,5.5716514374860715,0.028868660297855293
GO,3,1.0,400,0.4,153.84000000000003,384.6,0.0002,reached,318,188.0,go_pso_reference,8.667013347200555,0.027254758953460866
GO,3,1.0,400,0.5,192.3,384.6,0.0002,not_reached,,188.0,go_pso_reference,,
GO,3,1.0,400,0.6,230.76,384.6,0.0002,not_reached,,188.0,go_pso_reference,,
GO,3,1.0,400,0.7,269.21999999999997,384.6,0.0002,not_reached,,188.0,go_pso_reference,,
GO,3,1.0,400,0.8,307.68000000000006,384.6,0.0002,not_reached,,188.0,go_pso_reference,,
GO,3,1.0,400,0.9,346.14000000000004,384.6,0.0002,not_reached,,188.0,go_pso_reference,,
GO,4,1.0,400,0.1,38.46000000000001,384.6,0.0002,reached,44,160.0,go_pso_reference,1.4445022245334258,0.03282959601212331
GO,4,1.0,400,0.2,76.92000000000002,384.6,0.0002,reached,90,160.0,go_pso_reference,3.250130005200208,0.036112555613335644
GO,4,1.0,400,0.3,115.38,384.6,0.0002,reached,192,160.0,go_pso_reference,5.5716514374860715,0.02901901790357329
GO,4,1.0,400,0.4,153.84000000000003,384.6,0.0002,reached,359,160.0,go_pso_reference,8.667013347200555,0.024142098460168678
GO,4,1.0,400,0.5,192.3,384.6,0.0002,not_reached,,160.0,go_pso_reference,,
GO,4,1.0,400,0.6,230.76,384.6,0.0002,not_reached,,160.0,go_pso_reference,,
GO,4,1.0,400,0.7,269.21999999999997,384.6,0.0002,not_reached,,160.0,go_pso_reference,,
GO,4,1.0,400,0.8,307.68000000000006,384.6,0.0002,not_reached,,160.0,go_pso_reference,,
GO,4,1.0,400,0.9,346.14000000000004,384.6,0.0002,not_reached,,160.0,go_pso_reference,,
GO,5,1.0,400,0.1,38.46000000000001,384.6,0.0002,reached,28,220.0,go_pso_reference,1.4445022245334258,0.05158936516190806
GO,5,1.0,400,0.2,76.92000000000002,384.6,0.0002,reached,70,220.0,go_pso_reference,3.250130005200208,0.04643042864571725
GO,5,1.0,400,0.3,115.38,384.6,0.0002,reached,131,220.0,go_pso_reference,5.5716514374860715,0.0425316903624891
GO,5,1.0,400,0.4,153.84000000000003,384.6,0.0002,reached,182,220.0,go_pso_reference,8.667013347200555,0.047620952457145906
GO,5,1.0,400,0.5,192.3,384.6,0.0002,reached,276,220.0,go_pso_reference,13.000520020800831,0.04710333340869866
GO,5,1.0,400,0.6,230.76,384.6,0.0002,not_reached,,220.0,go_pso_reference,,
GO,5,1.0,400,0.7,269.21999999999997,384.6,0.0002,not_reached,,220.0,go_pso_reference,,
GO,5,1.0,400,0.8,307.68000000000006,384.6,0.0002,not_reached,,220.0,go_pso_reference,,
GO,5,1.0,400,0.9,346.14000000000004,384.6,0.0002,not_reached,,220.0,go_pso_reference,,
GO,1,1.0,600,0.1,38.46000000000001,384.6,0.0002,reached,47,220.0,go_pso_reference,1.4445022245334258,0.030734089883689912
GO,1,1.0,600,0.2,76.92000000000002,384.6,0.0002,reached,96,220.0,go_pso_reference,3.250130005200208,0.03385552088750216
GO,1,1.0,600,0.3,115.38,384.6,0.0002,reached,186,220.0,go_pso_reference,5.5716514374860715,0.029955115255301458
GO,1,1.0,600,0.4,153.84000000000003,384.6,0.0002,reached,273,220.0,go_pso_reference,8.667013347200555,0.031747301638097275
GO,1,1.0,600,0.5,192.3,384.6,0.0002,reached,426,220.0,go_pso_reference,13.000520020800831,0.030517652630987865
GO,1,1.0,600,0.6,230.76,384.6,0.0002,not_reached,,220.0,go_pso_reference,,
GO,1,1.0,600,0.7,269.21999999999997,384.6,0.0002,not_reached,,220.0,go_pso_reference,,
GO,1,1.0,600,0.8,307.68000000000006,384.6,0.0002,not_reached,,220.0,go_pso_reference,,
GO,1,1.0,600,0.9,346.14000000000004,384.6,0.0002,not_reached,,220.0,go_pso_reference,,
GO,2,1.0,600,0.1,38.46000000000001,384.6,0.0002,reached,36,252.0,go_pso_reference,1.4445022245334258,0.04012506179259516
GO,2,1.0,600,0.2,76.92000000000002,384.6,0.0002,reached,76,252.0,go_pso_reference,3.250130005200208,0.042764868489476415
GO,2,1.0,600,0.3,115.38,384.6,0.0002,reached,126,252.0,go_pso_reference,5.5716514374860715,0.04421945585306406
GO,2,1.0,600,0.4,153.84000000000003,384.6,0.0002,reached,195,252.0,go_pso_reference,8.667013347200555,0.04444622229333618
GO,2,1.0,600,0.5,192.3,384.6,0.0002,reached,304,252.0,go_pso_reference,13.000520020800831,0.042764868489476415
GO,2,1.0,600,0.6,230.76,384.6,0.0002,reached,481,252.0,go_pso_reference,19.500780031201245,0.04054216222702962
GO,2,1.0,600,0.7,269.21999999999997,384.6,0.0002,not_reached,,252.0,go_pso_reference,,
GO,2,1.0,600,0.8,307.68000000000006,384.6,0.0002,not_reached,,252.0,go_pso_reference,,
GO,2,1.0,600,0.9,346.14000000000004,384.6,0.0002,not_reached,,252.0,go_pso_reference,,
GO,3,1.0,600,0.1,38.46000000000001,384.6,0.0002,reached,41,228.00000000000003,go_pso_reference,1.4445022245334258,0.035231761573986
GO,3,1.0,600,0.2,76.92000000000002,384.6,0.0002,reached,125,228.00000000000003,go_pso_reference,3.250130005200208,0.026001040041601663
GO,3,1.0,600,0.3,115.38,384.6,0.0002,reached,193,228.00000000000003,go_pso_reference,5.5716514374860715,0.028868660297855293
GO,3,1.0,600,0.4,153.84000000000003,384.6,0.0002,reached,318,228.00000000000003,go_pso_reference,8.667013347200555,0.027254758953460866
GO,3,1.0,600,0.5,192.3,384.6,0.0002,reached,422,228.00000000000003,go_pso_reference,13.000520020800831,0.03080691948057069
GO,3,1.0,600,0.6,230.76,384.6,0.0002,not_reached,,228.00000000000003,go_pso_reference,,
GO,3,1.0,600,0.7,269.21999999999997,384.6,0.0002,not_reached,,228.00000000000003,go_pso_reference,,
GO,3,1.0,600,0.8,307.68000000000006,384.6,0.0002,not_reached,,228.00000000000003,go_pso_reference,,
GO,3,1.0,600,0.9,346.14000000000004,384.6,0.0002,not_reached,,228.00000000000003,go_pso_reference,,
GO,4,1.0,600,0.1,38.46000000000001,384.6,0.0002,reached,44,208.0,go_pso_reference,1.4445022245334258,0.03282959601212331
GO,4,1.0,600,0.2,76.92000000000002,384.6,0.0002,reached,90,208.0,go_pso_reference,3.250130005200208,0.036112555613335644
GO,4,1.0,600,0.3,115.38,384.6,0.0002,reached,192,208.0,go_pso_reference,5.5716514374860715,0.02901901790357329
GO,4,1.0,600,0.4,153.84000000000003,384.6,0.0002,reached,359,208.0,go_pso_reference,8.667013347200555,0.024142098460168678
GO,4,1.0,600,0.5,192.3,384.6,0.0002,reached,512,208.0,go_pso_reference,13.000520020800831,0.025391640665626623
GO,4,1.0,600,0.6,230.76,384.6,0.0002,not_reached,,208.0,go_pso_reference,,
GO,4,1.0,600,0.7,269.21999999999997,384.6,0.0002,not_reached,,208.0,go_pso_reference,,
GO,4,1.0,600,0.8,307.68000000000006,384.6,0.0002,not_reached,,208.0,go_pso_reference,,
GO,4,1.0,600,0.9,346.14000000000004,384.6,0.0002,not_reached,,208.0,go_pso_reference,,
GO,5,1.0,600,0.1,38.46000000000001,384.6,0.0002,reached,28,248.0,go_pso_reference,1.4445022245334258,0.05158936516190806
GO,5,1.0,600,0.2,76.92000000000002,384.6,0.0002,reached,70,248.0,go_pso_reference,3.250130005200208,0.04643042864571725
GO,5,1.0,600,0.3,115.38,384.6,0.0002,reached,131,248.0,go_pso_reference,5.5716514374860715,0.0425316903624891
GO,5,1.0,600,0.4,153.84000000000003,384.6,0.0002,reached,182,248.0,go_pso_reference,8.667013347200555,0.047620952457145906
GO,5,1.0,600,0.5,192.3,384.6,0.0002,reached,276,248.0,go_pso_reference,13.000520020800831,0.04710333340869866
GO,5,1.0,600,0.6,230.76,384.6,0.0002,reached,486,248.0,go_pso_reference,19.500780031201245,0.04012506179259515
GO,5,1.0,600,0.7,269.21999999999997,384.6,0.0002,not_reached,,248.0,go_pso_reference,,
GO,5,1.0,600,0.8,307.68000000000006,384.6,0.0002,not_reached,,248.0,go_pso_reference,,
GO,5,1.0,600,0.9,346.14000000000004,384.6,0.0002,not_reached,,248.0,go_pso_reference,,
GO,1,1.0,800,0.1,38.46000000000001,384.6,0.0002,reached,47,252.0,go_pso_reference,1.4445022245334258,0.030734089883689912
GO,1,1.0,800,0.2,76.92000000000002,384.6,0.0002,reached,96,252.0,go_pso_reference,3.250130005200208,0.03385552088750216
GO,1,1.0,800,0.3,115.38,384.6,0.0002,reached,186,252.0,go_pso_reference,5.5716514374860715,0.029955115255301458
GO,1,1.0,800,0.4,153.84000000000003,384.6,0.0002,reached,273,252.0,go_pso_reference,8.667013347200555,0.031747301638097275
GO,1,1.0,800,0.5,192.3,384.6,0.0002,reached,426,252.0,go_pso_reference,13.000520020800831,0.030517652630987865
GO,1,1.0,800,0.6,230.76,384.6,0.0002,reached,633,252.0,go_pso_reference,19.500780031201245,0.030806919480570686
GO,1,1.0,800,0.7,269.21999999999997,384.6,0.0002,not_reached,,252.0,go_pso_reference,,
GO,1,1.0,800,0.8,307.68000000000006,384.6,0.0002,not_reached,,252.0,go_pso_reference,,
GO,1,1.0,800,0.9,346.14000000000004,384.6,0.0002,not_reached,,252.0,go_pso_reference,,
GO,2,1.0,800,0.1,38.46000000000001,384.6,0.0002,reached,36,270.0,go_pso_reference,1.4445022245334258,0.04012506179259516
GO,2,1.0,800,0.2,76.92000000000002,384.6,0.0002,reached,76,270.0,go_pso_reference,3.250130005200208,0.042764868489476415
GO,2,1.0,800,0.3,115.38,384.6,0.0002,reached,126,270.0,go_pso_reference,5.5716514374860715,0.04421945585306406
GO,2,1.0,800,0.4,153.84000000000003,384.6,0.0002,reached,195,270.0,go_pso_reference,8.667013347200555,0.04444622229333618
GO,2,1.0,800,0.5,192.3,384.6,0.0002,reached,304,270.0,go_pso_reference,13.000520020800831,0.042764868489476415
GO,2,1.0,800,0.6,230.76,384.6,0.0002,reached,481,270.0,go_pso_reference,19.500780031201245,0.04054216222702962
GO,2,1.0,800,0.7,269.21999999999997,384.6,0.0002,reached,786,270.0,go_pso_reference,30.334546715201935,0.03859357088448083
GO,2,1.0,800,0.8,307.68000000000006,384.6,0.0002,not_reached,,270.0,go_pso_reference,,
GO,2,1.0,800,0.9,346.14000000000004,384.6,0.0002,not_reached,,270.0,go_pso_reference,,
GO,3,1.0,800,0.1,38.46000000000001,384.6,0.0002,reached,41,256.0,go_pso_reference,1.4445022245334258,0.035231761573986
GO,3,1.0,800,0.2,76.92000000000002,384.6,0.0002,reached,125,256.0,go_pso_reference,3.250130005200208,0.026001040041601663
GO,3,1.0,800,0.3,115.38,384.6,0.0002,reached,193,256.0,go_pso_reference,5.5716514374860715,0.028868660297855293
GO,3,1.0,800,0.4,153.84000000000003,384.6,0.0002,reached,318,256.0,go_pso_reference,8.667013347200555,0.027254758953460866
GO,3,1.0,800,0.5,192.3,384.6,0.0002,reached,422,256.0,go_pso_reference,13.000520020800831,0.03080691948057069
GO,3,1.0,800,0.6,230.76,384.6,0.0002,reached,620,256.0,go_pso_reference,19.500780031201245,0.03145287101806652
GO,3,1.0,800,0.7,269.21999999999997,384.6,0.0002,not_reached,,256.0,go_pso_reference,,
GO,3,1.0,800,0.8,307.68000000000006,384.6,0.0002,not_reached,,256.0,go_pso_reference,,
GO,3,1.0,800,0.9,346.14000000000004,384.6,0.0002,not_reached,,256.0,go_pso_reference,,
GO,4,1.0,800,0.1,38.46000000000001,384.6,0.0002,reached,44,235.99999999999997,go_pso_reference,1.4445022245334258,0.03282959601212331
GO,4,1.0,800,0.2,76.92000000000002,384.6,0.0002,reached,90,235.99999999999997,go_pso_reference,3.250130005200208,0.036112555613335644
GO,4,1.0,800,0.3,115.38,384.6,0.0002,reached,192,235.99999999999997,go_pso_reference,5.5716514374860715,0.02901901790357329
GO,4,1.0,800,0.4,153.84000000000003,384.6,0.0002,reached,359,235.99999999999997,go_pso_reference,8.667013347200555,0.024142098460168678
GO,4,1.0,800,0.5,192.3,384.6,0.0002,reached,512,235.99999999999997,go_pso_reference,13.000520020800831,0.025391640665626623
GO,4,1.0,800,0.6,230.76,384.6,0.0002,reached,743,235.99999999999997,go_pso_reference,19.500780031201245,0.02624600273378364
GO,4,1.0,800,0.7,269.21999999999997,384.6,0.0002,not_reached,,235.99999999999997,go_pso_reference,,
GO,4,1.0,800,0.8,307.68000000000006,384.6,0.0002,not_reached,,235.99999999999997,go_pso_reference,,
GO,4,1.0,800,0.9,346.14000000000004,384.6,0.0002,not_reached,,235.99999999999997,go_pso_reference,,
GO,5,1.0,800,0.1,38.46000000000001,384.6,0.0002,reached,28,280.0,go_pso_reference,1.4445022245334258,0.05158936516190806
GO,5,1.0,800,0.2,76.92000000000002,384.6,0.0002,reached,70,280.0,go_pso_reference,3.250130005200208,0.04643042864571725
GO,5,1.0,800,0.3,115.38,384.6,0.0002,reached,131,280.0,go_pso_reference,5.5716514374860715,0.0425316903624891
GO,5,1.0,800,0.4,153.84000000000003,384.6,0.0002,reached,182,280.0,go_pso_reference,8.667013347200555,0.047620952457145906
GO,5,1.0,800,0.5,192.3,384.6,0.0002,reached,276,280.0,go_pso_reference,13.000520020800831,0.04710333340869866
GO,5,1.0,800,0.6,230.76,384.6,0.0002,reached,486,280.0,go_pso_reference,19.500780031201245,0.04012506179259515
GO,5,1.0,800,0.7,269.21999999999997,384.6,0.0002,reached,723,280.0,go_pso_reference,30.334546715201935,0.04195649614827377
GO,5,1.0,800,0.8,307.68000000000006,384.6,0.0002,not_reached,,280.0,go_pso_reference,,
GO,5,1.0,800,0.9,346.14000000000004,384.6,0.0002,not_reached,,280.0,go_pso_reference,,
