material,seed,sigma_px,n_steps,p_ads_effective,n_adsorbed,percent_adsorbed,qfinal_mg_g,n_contacts,n_adsorption_events,contact_to_adsorption_efficiency,mass_conservation_ok,source
GO,1,1.0,2000,0.5,162,81.0,324.0,808,162,0.2004950495049505,True,historical_p_ads_sensitivity
GO,2,1.0,2000,0.5,162,81.0,324.0,632,162,0.2563291139240506,True,historical_p_ads_sensitivity
GO,3,1.0,2000,0.5,162,81.0,324.0,828,162,0.1956521739130435,True,historical_p_ads_sensitivity
GO,4,1.0,2000,0.5,166,83.0,332.0,985,166,0.16852791878172588,True,historical_p_ads_sensitivity
GO,5,1.0,2000,0.5,165,82.5,330.0,716,165,0.23044692737430167,True,historical_p_ads_sensitivity
GO,1,1.0,2000,0.75,173,86.5,346.0,686,173,0.2521865889212828,True,historical_p_ads_sensitivity
GO,2,1.0,2000,0.75,166,83.0,332.0,612,166,0.27124183006535946,True,historical_p_ads_sensitivity
GO,3,1.0,2000,0.75,170,85.0,340.0,477,170,0.35639412997903563,True,historical_p_ads_sensitivity
GO,4,1.0,2000,0.75,167,83.5,334.0,735,167,0.2272108843537415,True,historical_p_ads_sensitivity
GO,5,1.0,2000,0.75,175,87.5,350.0,430,175,0.4069767441860465,True,historical_p_ads_sensitivity
GO,1,1.0,2000,1.0,158,79.0,316.0,563,158,0.28063943161634103,True,historical_p_ads_sensitivity
GO,2,1.0,2000,1.0,166,83.0,332.0,761,166,0.21813403416557162,True,historical_p_ads_sensitivity
GO,3,1.0,2000,1.0,167,83.5,334.0,361,167,0.4626038781163435,True,historical_p_ads_sensitivity
GO,4,1.0,2000,1.0,163,81.5,326.0,572,163,0.28496503496503495,True,historical_p_ads_sensitivity
GO,5,1.0,2000,1.0,175,87.5,350.0,724,175,0.24171270718232044,True,historical_p_ads_sensitivity
GO,1,1.5,2000,0.5,188,94.0,376.0,544,188,0.34558823529411764,True,historical_p_ads_sensitivity
GO,2,1.5,2000,0.5,184,92.0,368.0,935,184,0.19679144385026737,True,historical_p_ads_sensitivity
GO,3,1.5,2000,0.5,181,90.5,362.0,820,181,0.22073170731707317,True,historical_p_ads_sensitivity
GO,4,1.5,2000,0.5,184,92.0,368.0,732,184,0.25136612021857924,True,historical_p_ads_sensitivity
GO,5,1.5,2000,0.5,198,99.0,396.0,617,198,0.3209076175040519,True,historical_p_ads_sensitivity
GO,1,1.5,2000,0.75,184,92.0,368.0,806,184,0.228287841191067,True,historical_p_ads_sensitivity
GO,2,1.5,2000,0.75,186,93.0,372.0,552,186,0.33695652173913043,True,historical_p_ads_sensitivity
GO,3,1.5,2000,0.75,186,93.0,372.0,1005,186,0.18507462686567164,True,historical_p_ads_sensitivity
GO,4,1.5,2000,0.75,186,93.0,372.0,694,186,0.2680115273775216,True,historical_p_ads_sensitivity
GO,5,1.5,2000,0.75,189,94.5,378.0,760,189,0.24868421052631579,True,historical_p_ads_sensitivity
GO,1,1.5,2000,1.0,185,92.5,370.0,614,185,0.30130293159609123,True,historical_p_ads_sensitivity
GO,2,1.5,2000,1.0,186,93.0,372.0,619,186,0.30048465266558966,True,historical_p_ads_sensitivity
GO,3,1.5,2000,1.0,182,91.0,364.0,564,182,0.32269503546099293,True,historical_p_ads_sensitivity
GO,4,1.5,2000,1.0,187,93.5,374.0,623,187,0.3001605136436597,True,historical_p_ads_sensitivity
GO,5,1.5,2000,1.0,191,95.5,382.0,517,191,0.3694390715667311,True,historical_p_ads_sensitivity
AC,1,1.0,2000,0.5,93,46.5,186.0,276,93,0.33695652173913043,True,historical_p_ads_sensitivity
AC,2,1.0,2000,0.5,88,44.0,176.0,271,88,0.3247232472324723,True,historical_p_ads_sensitivity
AC,3,1.0,2000,0.5,98,49.0,196.0,327,98,0.2996941896024465,True,historical_p_ads_sensitivity
AC,4,1.0,2000,0.5,109,54.50000000000001,218.0,304,109,0.35855263157894735,True,historical_p_ads_sensitivity
AC,5,1.0,2000,0.5,100,50.0,200.0,302,100,0.33112582781456956,True,historical_p_ads_sensitivity
AC,1,1.0,2000,0.75,97,48.5,194.0,161,97,0.6024844720496895,True,historical_p_ads_sensitivity
AC,2,1.0,2000,0.75,100,50.0,200.0,212,100,0.4716981132075472,True,historical_p_ads_sensitivity
AC,3,1.0,2000,0.75,100,50.0,200.0,227,100,0.44052863436123346,True,historical_p_ads_sensitivity
AC,4,1.0,2000,0.75,108,54.0,216.0,256,108,0.421875,True,historical_p_ads_sensitivity
AC,5,1.0,2000,0.75,103,51.5,206.0,287,103,0.3588850174216028,True,historical_p_ads_sensitivity
AC,1,1.0,2000,1.0,96,48.0,192.0,172,96,0.5581395348837209,True,historical_p_ads_sensitivity
AC,2,1.0,2000,1.0,109,54.50000000000001,218.0,266,109,0.40977443609022557,True,historical_p_ads_sensitivity
AC,3,1.0,2000,1.0,102,51.0,204.0,280,102,0.36428571428571427,True,historical_p_ads_sensitivity
AC,4,1.0,2000,1.0,109,54.50000000000001,218.0,306,109,0.3562091503267974,True,historical_p_ads_sensitivity
AC,5,1.0,2000,1.0,111,55.50000000000001,222.00000000000003,163,111,0.6809815950920245,True,historical_p_ads_sensitivity
AC,1,1.5,2000,0.5,126,63.0,252.0,433,126,0.2909930715935335,True,historical_p_ads_sensitivity
AC,2,1.5,2000,0.5,125,62.5,250.0,424,125,0.294811320754717,True,historical_p_ads_sensitivity
AC,3,1.5,2000,0.5,122,61.0,244.0,377,122,0.32360742705570295,True,historical_p_ads_sensitivity
AC,4,1.5,2000,0.5,132,66.0,264.0,383,132,0.34464751958224543,True,historical_p_ads_sensitivity
AC,5,1.5,2000,0.5,126,63.0,252.0,396,126,0.3181818181818182,True,historical_p_ads_sensitivity
AC,1,1.5,2000,0.75,137,68.5,274.0,339,137,0.40412979351032446,True,historical_p_ads_sensitivity
AC,2,1.5,2000,0.75,132,66.0,264.0,293,132,0.45051194539249145,True,historical_p_ads_sensitivity
AC,3,1.5,2000,0.75,128,64.0,256.0,384,128,0.3333333333333333,True,historical_p_ads_sensitivity
AC,4,1.5,2000,0.75,138,69.0,276.0,330,138,0.41818181818181815,True,historical_p_ads_sensitivity
AC,5,1.5,2000,0.75,134,67.0,268.0,374,134,0.3582887700534759,True,historical_p_ads_sensitivity
AC,1,1.5,2000,1.0,136,68.0,272.0,276,136,0.4927536231884058,True,historical_p_ads_sensitivity
AC,2,1.5,2000,1.0,140,70.0,280.0,337,140,0.41543026706231456,True,historical_p_ads_sensitivity
AC,3,1.5,2000,1.0,141,70.5,282.0,298,141,0.47315436241610737,True,historical_p_ads_sensitivity
AC,4,1.5,2000,1.0,144,72.0,288.0,362,144,0.39779005524861877,True,historical_p_ads_sensitivity
AC,5,1.5,2000,1.0,135,67.5,270.0,365,135,0.3698630136986301,True,historical_p_ads_sensitivity
GO,1,1.0,2000,0.55,159,79.5,318.0,741,159,0.2145748987854251,True,p_ads_055_campaign
GO,2,1.0,2000,0.55,167,83.5,334.0,861,167,0.19396051103368175,True,p_ads_055_campaign
GO,3,1.0,2000,0.55,155,77.5,310.0,904,155,0.17146017699115043,True,p_ads_055_campaign
GO,4,1.0,2000,0.55,163,81.5,326.0,703,163,0.23186344238975817,True,p_ads_055_campaign
GO,5,1.0,2000,0.55,182,91.0,364.0,640,182,0.284375,True,p_ads_055_campaign
GO,1,1.5,2000,0.55,186,93.0,372.0,591,186,0.3147208121827411,True,p_ads_055_campaign
GO,2,1.5,2000,0.55,188,94.0,376.0,821,188,0.2289890377588307,True,p_ads_055_campaign
GO,3,1.5,2000,0.55,178,89.0,356.0,725,178,0.24551724137931036,True,p_ads_055_campaign
GO,4,1.5,2000,0.55,186,93.0,372.0,782,186,0.23785166240409208,True,p_ads_055_campaign
GO,5,1.5,2000,0.55,193,96.5,386.0,608,193,0.31743421052631576,True,p_ads_055_campaign
AC,1,1.0,2000,0.55,95,47.5,190.0,276,95,0.3442028985507246,True,p_ads_055_campaign
AC,2,1.0,2000,0.55,99,49.5,198.0,247,99,0.4008097165991903,True,p_ads_055_campaign
AC,3,1.0,2000,0.55,110,55.00000000000001,220.0,333,110,0.3303303303303303,True,p_ads_055_campaign
AC,4,1.0,2000,0.55,96,48.0,192.0,275,96,0.3490909090909091,True,p_ads_055_campaign
AC,5,1.0,2000,0.55,103,51.5,206.0,311,103,0.3311897106109325,True,p_ads_055_campaign
AC,1,1.5,2000,0.55,118,59.0,235.99999999999997,361,118,0.3268698060941828,True,p_ads_055_campaign
AC,2,1.5,2000,0.55,126,63.0,252.0,399,126,0.3157894736842105,True,p_ads_055_campaign
AC,3,1.5,2000,0.55,118,59.0,235.99999999999997,348,118,0.3390804597701149,True,p_ads_055_campaign
AC,4,1.5,2000,0.55,123,61.5,246.0,479,123,0.2567849686847599,True,p_ads_055_campaign
AC,5,1.5,2000,0.55,120,60.0,240.0,375,120,0.32,True,p_ads_055_campaign
