material,seed,sigma_px,n_steps,p_ads,p_ads_effective,geometry_era,geometry,n_adsorbed,percent_adsorbed,qfinal_mg_g,m_adsorbed_mg,m_free_mg,n_contacts,n_adsorption_events,contact_to_adsorption_efficiency,mass_conservation_ok,paths
GO,1,1.0,2000,0.55,0.55,wiam_geometry,"{'geometry_era': 'wiam_geometry', 'mb_side_px': 1, 'adsorbent_side_px': 7, 'adsorbent_symbol': 'GO', 'r_mb_px': 0.5, 'r_adsorbent_px': 3.5, 'contact_threshold_px': 4.0, 'adsorbent_movable': True}",159,79.5,318.0,3.18,0.8199999999999998,741,159,0.2145748987854251,True,"{'json': 'data\\analysis\\final_temporal_reference\\p_ads_055_runs\\go\\pads_0.55_sigma_1_steps_2000_seed_1.json', 'csv': 'data\\analysis\\final_temporal_reference\\p_ads_055_runs\\go\\pads_0.55_sigma_1_steps_2000_seed_1.csv'}"
GO,2,1.0,2000,0.55,0.55,wiam_geometry,"{'geometry_era': 'wiam_geometry', 'mb_side_px': 1, 'adsorbent_side_px': 7, 'adsorbent_symbol': 'GO', 'r_mb_px': 0.5, 'r_adsorbent_px': 3.5, 'contact_threshold_px': 4.0, 'adsorbent_movable': True}",167,83.5,334.0,3.34,0.6600000000000001,861,167,0.19396051103368175,True,"{'json': 'data\\analysis\\final_temporal_reference\\p_ads_055_runs\\go\\pads_0.55_sigma_1_steps_2000_seed_2.json', 'csv': 'data\\analysis\\final_temporal_reference\\p_ads_055_runs\\go\\pads_0.55_sigma_1_steps_2000_seed_2.csv'}"
GO,3,1.0,2000,0.55,0.55,wiam_geometry,"{'geometry_era': 'wiam_geometry', 'mb_side_px': 1, 'adsorbent_side_px': 7, 'adsorbent_symbol': 'GO', 'r_mb_px': 0.5, 'r_adsorbent_px': 3.5, 'contact_threshold_px': 4.0, 'adsorbent_movable': True}",155,77.5,310.0,3.1,0.8999999999999999,904,155,0.17146017699115043,True,"{'json': 'data\\analysis\\final_temporal_reference\\p_ads_055_runs\\go\\pads_0.55_sigma_1_steps_2000_seed_3.json', 'csv': 'data\\analysis\\final_temporal_reference\\p_ads_055_runs\\go\\pads_0.55_sigma_1_steps_2000_seed_3.csv'}"
GO,4,1.0,2000,0.55,0.55,wiam_geometry,"{'geometry_era': 'wiam_geometry', 'mb_side_px': 1, 'adsorbent_side_px': 7, 'adsorbent_symbol': 'GO', 'r_mb_px': 0.5, 'r_adsorbent_px': 3.5, 'contact_threshold_px': 4.0, 'adsorbent_movable': True}",163,81.5,326.0,3.2600000000000002,0.7399999999999998,703,163,0.23186344238975817,True,"{'json': 'data\\analysis\\final_temporal_reference\\p_ads_055_runs\\go\\pads_0.55_sigma_1_steps_2000_seed_4.json', 'csv': 'data\\analysis\\final_temporal_reference\\p_ads_055_runs\\go\\pads_0.55_sigma_1_steps_2000_seed_4.csv'}"
GO,5,1.0,2000,0.55,0.55,wiam_geometry,"{'geometry_era': 'wiam_geometry', 'mb_side_px': 1, 'adsorbent_side_px': 7, 'adsorbent_symbol': 'GO', 'r_mb_px': 0.5, 'r_adsorbent_px': 3.5, 'contact_threshold_px': 4.0, 'adsorbent_movable': True}",182,91.0,364.0,3.64,0.3599999999999999,640,182,0.284375,True,"{'json': 'data\\analysis\\final_temporal_reference\\p_ads_055_runs\\go\\pads_0.55_sigma_1_steps_2000_seed_5.json', 'csv': 'data\\analysis\\final_temporal_reference\\p_ads_055_runs\\go\\pads_0.55_sigma_1_steps_2000_seed_5.csv'}"
GO,1,1.5,2000,0.55,0.55,wiam_geometry,"{'geometry_era': 'wiam_geometry', 'mb_side_px': 1, 'adsorbent_side_px': 7, 'adsorbent_symbol': 'GO', 'r_mb_px': 0.5, 'r_adsorbent_px': 3.5, 'contact_threshold_px': 4.0, 'adsorbent_movable': True}",186,93.0,372.0,3.72,0.2799999999999998,591,186,0.3147208121827411,True,"{'json': 'data\\analysis\\final_temporal_reference\\p_ads_055_runs\\go\\pads_0.55_sigma_1.5_steps_2000_seed_1.json', 'csv': 'data\\analysis\\final_temporal_reference\\p_ads_055_runs\\go\\pads_0.55_sigma_1.5_steps_2000_seed_1.csv'}"
GO,2,1.5,2000,0.55,0.55,wiam_geometry,"{'geometry_era': 'wiam_geometry', 'mb_side_px': 1, 'adsorbent_side_px': 7, 'adsorbent_symbol': 'GO', 'r_mb_px': 0.5, 'r_adsorbent_px': 3.5, 'contact_threshold_px': 4.0, 'adsorbent_movable': True}",188,94.0,376.0,3.7600000000000002,0.23999999999999977,821,188,0.2289890377588307,True,"{'json': 'data\\analysis\\final_temporal_reference\\p_ads_055_runs\\go\\pads_0.55_sigma_1.5_steps_2000_seed_2.json', 'csv': 'data\\analysis\\final_temporal_reference\\p_ads_055_runs\\go\\pads_0.55_sigma_1.5_steps_2000_seed_2.csv'}"
GO,3,1.5,2000,0.55,0.55,wiam_geometry,"{'geometry_era': 'wiam_geometry', 'mb_side_px': 1, 'adsorbent_side_px': 7, 'adsorbent_symbol': 'GO', 'r_mb_px': 0.5, 'r_adsorbent_px': 3.5, 'contact_threshold_px': 4.0, 'adsorbent_movable': True}",178,89.0,356.0,3.56,0.43999999999999995,725,178,0.24551724137931036,True,"{'json': 'data\\analysis\\final_temporal_reference\\p_ads_055_runs\\go\\pads_0.55_sigma_1.5_steps_2000_seed_3.json', 'csv': 'data\\analysis\\final_temporal_reference\\p_ads_055_runs\\go\\pads_0.55_sigma_1.5_steps_2000_seed_3.csv'}"
GO,4,1.5,2000,0.55,0.55,wiam_geometry,"{'geometry_era': 'wiam_geometry', 'mb_side_px': 1, 'adsorbent_side_px': 7, 'adsorbent_symbol': 'GO', 'r_mb_px': 0.5, 'r_adsorbent_px': 3.5, 'contact_threshold_px': 4.0, 'adsorbent_movable': True}",186,93.0,372.0,3.72,0.2799999999999998,782,186,0.23785166240409208,True,"{'json': 'data\\analysis\\final_temporal_reference\\p_ads_055_runs\\go\\pads_0.55_sigma_1.5_steps_2000_seed_4.json', 'csv': 'data\\analysis\\final_temporal_reference\\p_ads_055_runs\\go\\pads_0.55_sigma_1.5_steps_2000_seed_4.csv'}"
GO,5,1.5,2000,0.55,0.55,wiam_geometry,"{'geometry_era': 'wiam_geometry', 'mb_side_px': 1, 'adsorbent_side_px': 7, 'adsorbent_symbol': 'GO', 'r_mb_px': 0.5, 'r_adsorbent_px': 3.5, 'contact_threshold_px': 4.0, 'adsorbent_movable': True}",193,96.5,386.0,3.86,0.14000000000000012,608,193,0.31743421052631576,True,"{'json': 'data\\analysis\\final_temporal_reference\\p_ads_055_runs\\go\\pads_0.55_sigma_1.5_steps_2000_seed_5.json', 'csv': 'data\\analysis\\final_temporal_reference\\p_ads_055_runs\\go\\pads_0.55_sigma_1.5_steps_2000_seed_5.csv'}"
AC,1,1.0,2000,0.55,0.55,wiam_geometry,"{'geometry_era': 'wiam_geometry', 'mb_side_px': 1, 'adsorbent_side_px': 2, 'adsorbent_symbol': 'AC', 'r_mb_px': 0.5, 'r_adsorbent_px': 1.0, 'contact_threshold_px': 1.5, 'adsorbent_movable': False}",95,47.5,190.0,1.9000000000000001,2.0999999999999996,276,95,0.3442028985507246,True,"{'json': 'data\\analysis\\final_temporal_reference\\p_ads_055_runs\\ac\\ac_pads_0.55_sigma_1_steps_2000_seed_1.json', 'csv': 'data\\analysis\\final_temporal_reference\\p_ads_055_runs\\ac\\ac_pads_0.55_sigma_1_steps_2000_seed_1.csv'}"
AC,2,1.0,2000,0.55,0.55,wiam_geometry,"{'geometry_era': 'wiam_geometry', 'mb_side_px': 1, 'adsorbent_side_px': 2, 'adsorbent_symbol': 'AC', 'r_mb_px': 0.5, 'r_adsorbent_px': 1.0, 'contact_threshold_px': 1.5, 'adsorbent_movable': False}",99,49.5,198.0,1.98,2.02,247,99,0.4008097165991903,True,"{'json': 'data\\analysis\\final_temporal_reference\\p_ads_055_runs\\ac\\ac_pads_0.55_sigma_1_steps_2000_seed_2.json', 'csv': 'data\\analysis\\final_temporal_reference\\p_ads_055_runs\\ac\\ac_pads_0.55_sigma_1_steps_2000_seed_2.csv'}"
AC,3,1.0,2000,0.55,0.55,wiam_geometry,"{'geometry_era': 'wiam_geometry', 'mb_side_px': 1, 'adsorbent_side_px': 2, 'adsorbent_symbol': 'AC', 'r_mb_px': 0.5, 'r_adsorbent_px': 1.0, 'contact_threshold_px': 1.5, 'adsorbent_movable': False}",110,55.00000000000001,220.0,2.2,1.7999999999999998,333,110,0.3303303303303303,True,"{'json': 'data\\analysis\\final_temporal_reference\\p_ads_055_runs\\ac\\ac_pads_0.55_sigma_1_steps_2000_seed_3.json', 'csv': 'data\\analysis\\final_temporal_reference\\p_ads_055_runs\\ac\\ac_pads_0.55_sigma_1_steps_2000_seed_3.csv'}"
AC,4,1.0,2000,0.55,0.55,wiam_geometry,"{'geometry_era': 'wiam_geometry', 'mb_side_px': 1, 'adsorbent_side_px': 2, 'adsorbent_symbol': 'AC', 'r_mb_px': 0.5, 'r_adsorbent_px': 1.0, 'contact_threshold_px': 1.5, 'adsorbent_movable': False}",96,48.0,192.0,1.92,2.08,275,96,0.3490909090909091,True,"{'json': 'data\\analysis\\final_temporal_reference\\p_ads_055_runs\\ac\\ac_pads_0.55_sigma_1_steps_2000_seed_4.json', 'csv': 'data\\analysis\\final_temporal_reference\\p_ads_055_runs\\ac\\ac_pads_0.55_sigma_1_steps_2000_seed_4.csv'}"
AC,5,1.0,2000,0.55,0.55,wiam_geometry,"{'geometry_era': 'wiam_geometry', 'mb_side_px': 1, 'adsorbent_side_px': 2, 'adsorbent_symbol': 'AC', 'r_mb_px': 0.5, 'r_adsorbent_px': 1.0, 'contact_threshold_px': 1.5, 'adsorbent_movable': False}",103,51.5,206.0,2.06,1.94,311,103,0.3311897106109325,True,"{'json': 'data\\analysis\\final_temporal_reference\\p_ads_055_runs\\ac\\ac_pads_0.55_sigma_1_steps_2000_seed_5.json', 'csv': 'data\\analysis\\final_temporal_reference\\p_ads_055_runs\\ac\\ac_pads_0.55_sigma_1_steps_2000_seed_5.csv'}"
AC,1,1.5,2000,0.55,0.55,wiam_geometry,"{'geometry_era': 'wiam_geometry', 'mb_side_px': 1, 'adsorbent_side_px': 2, 'adsorbent_symbol': 'AC', 'r_mb_px': 0.5, 'r_adsorbent_px': 1.0, 'contact_threshold_px': 1.5, 'adsorbent_movable': False}",118,59.0,235.99999999999997,2.36,1.6400000000000001,361,118,0.3268698060941828,True,"{'json': 'data\\analysis\\final_temporal_reference\\p_ads_055_runs\\ac\\ac_pads_0.55_sigma_1.5_steps_2000_seed_1.json', 'csv': 'data\\analysis\\final_temporal_reference\\p_ads_055_runs\\ac\\ac_pads_0.55_sigma_1.5_steps_2000_seed_1.csv'}"
AC,2,1.5,2000,0.55,0.55,wiam_geometry,"{'geometry_era': 'wiam_geometry', 'mb_side_px': 1, 'adsorbent_side_px': 2, 'adsorbent_symbol': 'AC', 'r_mb_px': 0.5, 'r_adsorbent_px': 1.0, 'contact_threshold_px': 1.5, 'adsorbent_movable': False}",126,63.0,252.0,2.52,1.48,399,126,0.3157894736842105,True,"{'json': 'data\\analysis\\final_temporal_reference\\p_ads_055_runs\\ac\\ac_pads_0.55_sigma_1.5_steps_2000_seed_2.json', 'csv': 'data\\analysis\\final_temporal_reference\\p_ads_055_runs\\ac\\ac_pads_0.55_sigma_1.5_steps_2000_seed_2.csv'}"
AC,3,1.5,2000,0.55,0.55,wiam_geometry,"{'geometry_era': 'wiam_geometry', 'mb_side_px': 1, 'adsorbent_side_px': 2, 'adsorbent_symbol': 'AC', 'r_mb_px': 0.5, 'r_adsorbent_px': 1.0, 'contact_threshold_px': 1.5, 'adsorbent_movable': False}",118,59.0,235.99999999999997,2.36,1.6400000000000001,348,118,0.3390804597701149,True,"{'json': 'data\\analysis\\final_temporal_reference\\p_ads_055_runs\\ac\\ac_pads_0.55_sigma_1.5_steps_2000_seed_3.json', 'csv': 'data\\analysis\\final_temporal_reference\\p_ads_055_runs\\ac\\ac_pads_0.55_sigma_1.5_steps_2000_seed_3.csv'}"
AC,4,1.5,2000,0.55,0.55,wiam_geometry,"{'geometry_era': 'wiam_geometry', 'mb_side_px': 1, 'adsorbent_side_px': 2, 'adsorbent_symbol': 'AC', 'r_mb_px': 0.5, 'r_adsorbent_px': 1.0, 'contact_threshold_px': 1.5, 'adsorbent_movable': False}",123,61.5,246.0,2.46,1.54,479,123,0.2567849686847599,True,"{'json': 'data\\analysis\\final_temporal_reference\\p_ads_055_runs\\ac\\ac_pads_0.55_sigma_1.5_steps_2000_seed_4.json', 'csv': 'data\\analysis\\final_temporal_reference\\p_ads_055_runs\\ac\\ac_pads_0.55_sigma_1.5_steps_2000_seed_4.csv'}"
AC,5,1.5,2000,0.55,0.55,wiam_geometry,"{'geometry_era': 'wiam_geometry', 'mb_side_px': 1, 'adsorbent_side_px': 2, 'adsorbent_symbol': 'AC', 'r_mb_px': 0.5, 'r_adsorbent_px': 1.0, 'contact_threshold_px': 1.5, 'adsorbent_movable': False}",120,60.0,240.0,2.4,1.6,375,120,0.32,True,"{'json': 'data\\analysis\\final_temporal_reference\\p_ads_055_runs\\ac\\ac_pads_0.55_sigma_1.5_steps_2000_seed_5.json', 'csv': 'data\\analysis\\final_temporal_reference\\p_ads_055_runs\\ac\\ac_pads_0.55_sigma_1.5_steps_2000_seed_5.csv'}"
