material,fraction_of_pso_qe,q_target_mg_g,t_pso_min,qe_pso_mg_g,k2_g_mg_min,t_min,qt_mg_g
AC,0.1,10.040000000000001,0.12161366743040049,100.4,0.0091,,
AC,0.2,20.080000000000002,0.27363075171840107,100.4,0.0091,,
AC,0.3,30.12,0.46908128866011617,100.4,0.0091,,
AC,0.4,40.160000000000004,0.7296820045824031,100.4,0.0091,,
AC,0.5,50.2,1.0945230068736043,100.4,0.0091,,
AC,0.6,60.24,1.6417845103104065,100.4,0.0091,,
AC,0.7,70.28,2.5538870160384097,100.4,0.0091,,
AC,0.8,80.32000000000001,4.378092027494419,100.4,0.0091,,
AC,0.9,90.36000000000001,9.850707061862442,100.4,0.0091,,
AC,,,,100.4,0.0091,0.0,0.0
AC,,,,100.4,0.0091,0.5,31.482769319476674
AC,,,,100.4,0.0091,1.0,47.93454150205891
AC,,,,100.4,0.0091,1.5,58.04535153514507
AC,,,,100.4,0.0091,2.0,64.88883732774964
AC,,,,100.4,0.0091,2.5,69.82845832952712
AC,,,,100.4,0.0091,3.0,73.56168215305325
AC,,,,100.4,0.0091,3.5,76.4823681314231
AC,,,,100.4,0.0091,4.0,78.82975490701592
AC,,,,100.4,0.0091,4.5,80.75755510253592
AC,,,,100.4,0.0091,5.0,82.36903846844582
AC,,,,100.4,0.0091,5.5,83.73615490073063
AC,,,,100.4,0.0091,6.0,84.91057107241153
AC,,,,100.4,0.0091,6.5,85.93034735813544
AC,,,,100.4,0.0091,7.0,86.82414015047028
AC,,,,100.4,0.0091,7.5,87.61393731772857
AC,,,,100.4,0.0091,8.0,88.3168913194177
AC,,,,100.4,0.0091,8.5,88.94657914610413
AC,,,,100.4,0.0091,9.0,89.51388781666226
AC,,,,100.4,0.0091,9.5,90.02764913353678
AC,,,,100.4,0.0091,10.0,90.49510279783749
AC,,,,100.4,0.0091,10.5,90.92223969671169
AC,,,,100.4,0.0091,11.0,91.31406003960167
AC,,,,100.4,0.0091,11.5,91.67477000676118
AC,,,,100.4,0.0091,12.0,92.00793334492397
AC,,,,100.4,0.0091,12.5,92.31658950927901
AC,,,,100.4,0.0091,13.0,92.60334665908745
AC,,,,100.4,0.0091,13.5,92.87045553743998
AC,,,,100.4,0.0091,14.0,93.11986866759094
AC,,,,100.4,0.0091,14.5,93.35328816138373
AC,,,,100.4,0.0091,15.0,93.57220461624254
AC,,,,100.4,0.0091,15.5,93.77792898026702
AC,,,,100.4,0.0091,16.0,93.97161882516852
AC,,,,100.4,0.0091,16.5,94.15430013947072
AC,,,,100.4,0.0091,17.0,94.32688550848422
AC,,,,100.4,0.0091,17.5,94.4901893611636
AC,,,,100.4,0.0091,18.0,94.64494082148312
AC,,,,100.4,0.0091,18.5,94.79179459221533
AC,,,,100.4,0.0091,19.0,94.93134021382242
AC,,,,100.4,0.0091,19.5,95.0641099746067
AC,,,,100.4,0.0091,20.0,95.19058569590304
AC,,,,100.4,0.0091,20.5,95.31120457464462
AC,,,,100.4,0.0091,21.0,95.4263642326235
AC,,,,100.4,0.0091,21.5,95.53642709533283
AC,,,,100.4,0.0091,22.0,95.64172420199355
AC,,,,100.4,0.0091,22.5,95.74255853114316
AC,,,,100.4,0.0091,23.0,95.8392079121566
AC,,,,100.4,0.0091,23.5,95.93192758162465
AC,,,,100.4,0.0091,24.0,96.02095243412236
AC,,,,100.4,0.0091,24.5,96.10649900915918
AC,,,,100.4,0.0091,25.0,96.1887672496959
AC,,,,100.4,0.0091,25.5,96.26794206229201
AC,,,,100.4,0.0091,26.0,96.34419470450793
AC,,,,100.4,0.0091,26.5,96.41768402147278
AC,,,,100.4,0.0091,27.0,96.48855755040852
AC,,,,100.4,0.0091,27.5,96.55695250927269
AC,,,,100.4,0.0091,28.0,96.62299668346003
AC,,,,100.4,0.0091,28.5,96.6868092226191
AC,,,,100.4,0.0091,29.0,96.74850135803744
AC,,,,100.4,0.0091,29.5,96.80817704968234
AC,,,,100.4,0.0091,30.0,96.86593357081509
AC,,,,100.4,0.0091,30.5,96.92186203709414
AC,,,,100.4,0.0091,31.0,96.97604788622112
AC,,,,100.4,0.0091,31.5,97.02857131344011
AC,,,,100.4,0.0091,32.0,97.07950766755918
AC,,,,100.4,0.0091,32.5,97.1289278116071
AC,,,,100.4,0.0091,33.0,97.17689845175556
AC,,,,100.4,0.0091,33.5,97.22348243771779
AC,,,,100.4,0.0091,34.0,97.26873903746785
AC,,,,100.4,0.0091,34.5,97.31272418880599
AC,,,,100.4,0.0091,35.0,97.3554907300151
AC,,,,100.4,0.0091,35.5,97.39708861160811
AC,,,,100.4,0.0091,36.0,97.4375650909503
AC,,,,100.4,0.0091,36.5,97.4769649113511
AC,,,,100.4,0.0091,37.0,97.51533046705214
AC,,,,100.4,0.0091,37.5,97.55270195539045
AC,,,,100.4,0.0091,38.0,97.58911751728525
AC,,,,100.4,0.0091,38.5,97.62461336708027
AC,,,,100.4,0.0091,39.0,97.6592239126708
AC,,,,100.4,0.0091,39.5,97.69298186675323
AC,,,,100.4,0.0091,40.0,97.72591834995312
AC,,,,100.4,0.0091,40.5,97.75806298651507
AC,,,,100.4,0.0091,41.0,97.78944399317302
AC,,,,100.4,0.0091,41.5,97.82008826176136
AC,,,,100.4,0.0091,42.0,97.8500214360748
AC,,,,100.4,0.0091,42.5,97.8792679834395
AC,,,,100.4,0.0091,43.0,97.90785126141449
AC,,,,100.4,0.0091,43.5,97.93579358000596
AC,,,,100.4,0.0091,44.0,97.96311625974269
AC,,,,100.4,0.0091,44.5,97.98983968593019
AC,,,,100.4,0.0091,45.0,98.01598335937388
AC,,,,100.4,0.0091,45.5,98.04156594383639
AC,,,,100.4,0.0091,46.0,98.06660531047164
AC,,,,100.4,0.0091,46.5,98.09111857945841
AC,,,,100.4,0.0091,47.0,98.11512215903659
AC,,,,100.4,0.0091,47.5,98.13863178213384
AC,,,,100.4,0.0091,48.0,98.16166254075378
AC,,,,100.4,0.0091,48.5,98.18422891828439
AC,,,,100.4,0.0091,49.0,98.20634481987119
AC,,,,100.4,0.0091,49.5,98.22802360098976
AC,,,,100.4,0.0091,50.0,98.24927809434043
AC,,,,100.4,0.0091,50.5,98.27012063517925
AC,,,,100.4,0.0091,51.0,98.29056308519016
AC,,,,100.4,0.0091,51.5,98.31061685499557
AC,,,,100.4,0.0091,52.0,98.3302929253949
AC,,,,100.4,0.0091,52.5,98.3496018674144
AC,,,,100.4,0.0091,53.0,98.36855386124495
AC,,,,100.4,0.0091,53.5,98.38715871413926
AC,,,,100.4,0.0091,54.0,98.40542587733448
AC,,,,100.4,0.0091,54.5,98.4233644620618
AC,,,,100.4,0.0091,55.0,98.44098325469949
AC,,,,100.4,0.0091,55.5,98.45829073112317
AC,,,,100.4,0.0091,56.0,98.47529507030157
AC,,,,100.4,0.0091,56.5,98.49200416718453
AC,,,,100.4,0.0091,57.0,98.50842564492511
AC,,,,100.4,0.0091,57.5,98.52456686647626
AC,,,,100.4,0.0091,58.0,98.54043494559846
AC,,,,100.4,0.0091,58.5,98.5560367573135
AC,,,,100.4,0.0091,59.0,98.57137894783621
AC,,,,100.4,0.0091,59.5,98.58646794401461
AC,,,,100.4,0.0091,60.0,98.60130996230635
AC,,,,100.4,0.0091,60.5,98.61591101731811
AC,,,,100.4,0.0091,61.0,98.63027692993236
AC,,,,100.4,0.0091,61.5,98.64441333504463
AC,,,,100.4,0.0091,62.0,98.6583256889328
AC,,,,100.4,0.0091,62.5,98.672019276279
AC,,,,100.4,0.0091,63.0,98.6854992168625
AC,,,,100.4,0.0091,63.5,98.6987704719421
AC,,,,100.4,0.0091,64.0,98.7118378503441
AC,,,,100.4,0.0091,64.5,98.72470601427203
AC,,,,100.4,0.0091,65.0,98.7373794848526
AC,,,,100.4,0.0091,65.5,98.74986264743171
AC,,,,100.4,0.0091,66.0,98.7621597566339
AC,,,,100.4,0.0091,66.5,98.77427494119699
AC,,,,100.4,0.0091,67.0,98.78621220859397
AC,,,,100.4,0.0091,67.5,98.79797544945245
AC,,,,100.4,0.0091,68.0,98.8095684417826
AC,,,,100.4,0.0091,68.5,98.82099485502246
AC,,,,100.4,0.0091,69.0,98.83225825391047
AC,,,,100.4,0.0091,69.5,98.84336210219296
AC,,,,100.4,0.0091,70.0,98.85430976617587
AC,,,,100.4,0.0091,70.5,98.86510451812688
AC,,,,100.4,0.0091,71.0,98.8757495395367
AC,,,,100.4,0.0091,71.5,98.88624792424484
AC,,,,100.4,0.0091,72.0,98.8966026814379
AC,,,,100.4,0.0091,72.5,98.90681673852485
AC,,,,100.4,0.0091,73.0,98.9168929438966
AC,,,,100.4,0.0091,73.5,98.92683406957394
AC,,,,100.4,0.0091,74.0,98.9366428137502
AC,,,,100.4,0.0091,74.5,98.94632180323279
AC,,,,100.4,0.0091,75.0,98.95587359578845
AC,,,,100.4,0.0091,75.5,98.96530068239673
AC,,,,100.4,0.0091,76.0,98.97460548941574
AC,,,,100.4,0.0091,76.5,98.98379038066417
AC,,,,100.4,0.0091,77.0,98.99285765942334
AC,,,,100.4,0.0091,77.5,99.00180957036282
AC,,,,100.4,0.0091,78.0,99.010648301393
AC,,,,100.4,0.0091,78.5,99.0193759854479
AC,,,,100.4,0.0091,79.0,99.02799470220106
AC,,,,100.4,0.0091,79.5,99.03650647971776
AC,,,,100.4,0.0091,80.0,99.04491329604595
AC,,,,100.4,0.0091,80.5,99.05321708074875
AC,,,,100.4,0.0091,81.0,99.06141971638097
AC,,,,100.4,0.0091,81.5,99.06952303991193
AC,,,,100.4,0.0091,82.0,99.07752884409697
AC,,,,100.4,0.0091,82.5,99.08543887879982
AC,,,,100.4,0.0091,83.0,99.09325485226753
AC,,,,100.4,0.0091,83.5,99.10097843236044
AC,,,,100.4,0.0091,84.0,99.10861124773879
AC,,,,100.4,0.0091,84.5,99.11615488900749
AC,,,,100.4,0.0091,85.0,99.12361090982134
AC,,,,100.4,0.0091,85.5,99.13098082795159
AC,,,,100.4,0.0091,86.0,99.13826612631615
AC,,,,100.4,0.0091,86.5,99.1454682539742
AC,,,,100.4,0.0091,87.0,99.15258862708713
AC,,,,100.4,0.0091,87.5,99.15962862984674
AC,,,,100.4,0.0091,88.0,99.16658961537253
AC,,,,100.4,0.0091,88.5,99.17347290657845
AC,,,,100.4,0.0091,89.0,99.18027979701135
AC,,,,100.4,0.0091,89.5,99.18701155166112
AC,,,,100.4,0.0091,90.0,99.19366940774454
AC,,,,100.4,0.0091,90.5,99.20025457546338
AC,,,,100.4,0.0091,91.0,99.20676823873764
AC,,,,100.4,0.0091,91.5,99.21321155591514
AC,,,,100.4,0.0091,92.0,99.21958566045828
AC,,,,100.4,0.0091,92.5,99.22589166160888
AC,,,,100.4,0.0091,93.0,99.23213064503146
AC,,,,100.4,0.0091,93.5,99.23830367343653
AC,,,,100.4,0.0091,94.0,99.24441178718392
AC,,,,100.4,0.0091,94.5,99.25045600486747
AC,,,,100.4,0.0091,95.0,99.2564373238811
AC,,,,100.4,0.0091,95.5,99.26235672096762
AC,,,,100.4,0.0091,96.0,99.26821515275036
AC,,,,100.4,0.0091,96.5,99.27401355624875
AC,,,,100.4,0.0091,97.0,99.27975284937764
AC,,,,100.4,0.0091,97.5,99.28543393143198
AC,,,,100.4,0.0091,98.0,99.29105768355646
AC,,,,100.4,0.0091,98.5,99.29662496920112
AC,,,,100.4,0.0091,99.0,99.30213663456328
AC,,,,100.4,0.0091,99.5,99.30759350901637
AC,,,,100.4,0.0091,100.0,99.31299640552595
AC,,,,100.4,0.0091,100.5,99.31834612105345
AC,,,,100.4,0.0091,101.0,99.32364343694803
AC,,,,100.4,0.0091,101.5,99.32888911932707
AC,,,,100.4,0.0091,102.0,99.33408391944563
AC,,,,100.4,0.0091,102.5,99.33922857405484
AC,,,,100.4,0.0091,103.0,99.34432380575055
AC,,,,100.4,0.0091,103.5,99.34937032331139
AC,,,,100.4,0.0091,104.0,99.35436882202774
AC,,,,100.4,0.0091,104.5,99.3593199840208
AC,,,,100.4,0.0091,105.0,99.36422447855306
AC,,,,100.4,0.0091,105.5,99.36908296232983
AC,,,,100.4,0.0091,106.0,99.37389607979246
AC,,,,100.4,0.0091,106.5,99.37866446340313
AC,,,,100.4,0.0091,107.0,99.38338873392206
AC,,,,100.4,0.0091,107.5,99.38806950067679
AC,,,,100.4,0.0091,108.0,99.39270736182434
AC,,,,100.4,0.0091,108.5,99.39730290460575
AC,,,,100.4,0.0091,109.0,99.40185670559427
AC,,,,100.4,0.0091,109.5,99.4063693309362
AC,,,,100.4,0.0091,110.0,99.41084133658586
AC,,,,100.4,0.0091,110.5,99.41527326853361
AC,,,,100.4,0.0091,111.0,99.41966566302824
AC,,,,100.4,0.0091,111.5,99.42401904679323
AC,,,,100.4,0.0091,112.0,99.42833393723734
AC,,,,100.4,0.0091,112.5,99.43261084265956
AC,,,,100.4,0.0091,113.0,99.43685026244871
AC,,,,100.4,0.0091,113.5,99.44105268727792
AC,,,,100.4,0.0091,114.0,99.44521859929384
AC,,,,100.4,0.0091,114.5,99.44934847230111
AC,,,,100.4,0.0091,115.0,99.45344277194194
AC,,,,100.4,0.0091,115.5,99.4575019558712
AC,,,,100.4,0.0091,116.0,99.46152647392688
AC,,,,100.4,0.0091,116.5,99.46551676829638
AC,,,,100.4,0.0091,117.0,99.46947327367829
AC,,,,100.4,0.0091,117.5,99.47339641744045
AC,,,,100.4,0.0091,118.0,99.47728661977371
AC,,,,100.4,0.0091,118.5,99.48114429384201
AC,,,,100.4,0.0091,119.0,99.48496984592862
AC,,,,100.4,0.0091,119.5,99.48876367557881
AC,,,,100.4,0.0091,120.0,99.492526175739
