material,sigma_px,n_steps,legacy_geometry_n_adsorbed_mean,wiam_geometry_n_adsorbed_mean,delta_n_adsorbed_mean,legacy_percent_mean,wiam_percent_mean,legacy_qt_mean,wiam_qt_mean,legacy_contacts_mean,wiam_contacts_mean
GO,1.0,200,83.2,68.0,-15.200000000000003,41.6,34.0,166.4,136.0,93.0,71.2
GO,1.0,400,115.0,97.4,-17.599999999999994,57.5,48.7,230.0,194.8,201.8,143.6
GO,1.0,600,132.6,115.6,-17.0,66.3,57.8,265.2,231.20000000000002,317.8,208.0
GO,1.0,800,144.2,129.4,-14.799999999999983,72.1,64.7,288.4,258.8,499.8,269.2
GO,1.0,1000,154.4,140.4,-14.0,77.2,70.2,308.8,280.8,673.8,335.6
GO,1.0,1500,169.6,157.4,-12.199999999999989,84.8,78.7,339.2,314.8,936.4,476.6
GO,1.0,2000,176.4,165.8,-10.599999999999994,88.2,82.9,352.8,331.6,1303.6,596.2
GO,1.5,200,115.6,99.0,-16.599999999999994,57.8,49.5,231.20000000000002,198.0,141.0,113.0
GO,1.5,400,149.4,130.0,-19.400000000000006,74.7,65.0,298.8,260.0,263.2,196.2
GO,1.5,600,164.8,148.4,-16.400000000000006,82.4,74.2,329.6,296.8,415.4,268.4
GO,1.5,800,172.8,159.6,-13.200000000000017,86.4,79.8,345.6,319.2,531.2,324.4
GO,1.5,1000,179.2,167.2,-12.0,89.6,83.6,358.4,334.4,614.8,391.6
GO,1.5,1500,186.6,179.6,-7.0,93.3,89.8,373.2,359.2,786.4,498.6
GO,1.5,2000,191.4,186.2,-5.200000000000017,95.7,93.1,382.8,372.4,952.2,587.4
AC,1.0,200,58.4,26.4,-32.0,29.200000000000003,13.2,116.8,52.8,75.4,26.4
AC,1.0,400,79.8,44.2,-35.599999999999994,39.9,22.1,159.6,88.4,220.0,47.0
AC,1.0,600,95.0,58.8,-36.2,47.5,29.4,190.0,117.60000000000001,448.4,67.2
AC,1.0,800,105.4,69.6,-35.80000000000001,52.7,34.8,210.79999999999998,139.2,751.8,84.8
AC,1.0,1000,114.0,77.8,-36.2,57.0,38.9,228.0,155.6,1149.8,116.8
AC,1.0,1500,125.6,94.4,-31.19999999999999,62.8,47.2,251.2,188.8,2023.0,176.2
AC,1.0,2000,132.8,105.4,-27.400000000000006,66.4,52.7,265.6,210.8,3016.0,237.4
AC,1.5,200,84.2,41.0,-43.2,42.1,20.5,168.4,82.0,200.0,45.0
AC,1.5,400,109.2,67.0,-42.2,54.6,33.5,218.4,134.0,511.6,78.4
AC,1.5,600,122.6,81.0,-41.599999999999994,61.3,40.5,245.2,162.0,786.6,105.6
AC,1.5,800,130.6,94.0,-36.599999999999994,65.3,47.0,261.2,188.0,1158.2,133.0
AC,1.5,1000,136.6,104.8,-31.799999999999997,68.3,52.400000000000006,273.2,209.6,1610.2,164.2
AC,1.5,1500,149.6,125.8,-23.799999999999997,74.8,62.9,299.2,251.6,2506.4,249.2
AC,1.5,2000,155.0,139.2,-15.800000000000011,77.5,69.6,310.0,278.4,3305.4,327.6
