sigma_px,n_steps,n_seeds,n_adsorbed_mean,n_adsorbed_std,n_adsorbed_min,n_adsorbed_max,n_adsorbed_spread,percent_mean,percent_std,percent_min,percent_max,percent_spread,qt_mean,qt_std,qt_min,qt_max,qt_spread,contacts_mean,contacts_std,contacts_min,contacts_max,contacts_spread,mass_conservation_ok_all_seeds
1.0,200,5,26.4,4.505552130427524,23.0,34.0,11.0,13.2,2.252776065213762,11.5,17.0,5.5,52.8,9.011104260855047,46.0,68.0,22.0,26.4,4.505552130427524,23.0,34.0,11.0,True
1.0,400,5,44.2,6.760177512462228,38.0,55.0,17.0,22.1,3.3800887562311157,19.0,27.500000000000004,8.500000000000004,88.4,13.520355024924456,76.0,110.0,34.0,47.0,9.513148795220223,38.0,59.0,21.0,True
1.0,600,5,58.8,6.260990336999411,53.0,69.0,16.0,29.4,3.130495168499705,26.5,34.5,8.0,117.60000000000001,12.52198067399882,106.0,138.0,32.0,67.2,15.056560032092325,53.0,85.0,32.0,True
1.0,800,5,69.6,5.9413803110051795,64.0,79.0,15.0,34.8,2.9706901555025897,32.0,39.5,7.5,139.2,11.882760622010359,128.0,158.0,30.0,84.8,23.101947969814148,65.0,110.0,45.0,True
1.0,1000,5,77.8,5.585696017507576,70.0,84.0,14.0,38.9,2.792848008753788,35.0,42.0,7.0,155.6,11.171392035015153,140.0,168.0,28.0,116.8,30.572863784735638,79.0,140.0,61.0,True
1.0,1500,5,94.4,7.700649323271382,82.0,102.0,20.0,47.2,3.850324661635691,41.0,51.0,10.0,188.8,15.401298646542765,164.0,204.0,40.0,176.2,42.68137767223546,125.0,216.0,91.0,True
1.0,2000,5,105.4,6.268971207462991,96.0,111.0,15.0,52.7,3.1344856037314996,48.0,55.50000000000001,7.500000000000007,210.8,12.53794241492599,192.0,222.00000000000003,30.00000000000003,237.4,65.48129503911785,163.0,306.0,143.0,True
1.5,200,5,41.0,6.164414002968976,34.0,50.0,16.0,20.5,3.082207001484488,17.0,25.0,8.0,82.0,12.328828005937952,68.0,100.0,32.0,45.0,7.905694150420948,35.0,53.0,18.0,True
1.5,400,5,67.0,6.928203230275509,58.0,77.0,19.0,33.5,3.4641016151377557,28.999999999999996,38.5,9.500000000000004,134.0,13.856406460551023,115.99999999999999,154.0,38.000000000000014,78.4,4.827007354458868,73.0,84.0,11.0,True
1.5,600,5,81.0,3.8078865529319543,76.0,85.0,9.0,40.5,1.9039432764659772,38.0,42.5,4.5,162.0,7.615773105863909,152.0,170.0,18.0,105.6,8.792041856133306,96.0,118.0,22.0,True
1.5,800,5,94.0,6.284902544988268,87.0,100.0,13.0,47.0,3.142451272494134,43.5,50.0,6.5,188.0,12.569805089976535,174.0,200.0,26.0,133.0,17.649362594722792,117.0,160.0,43.0,True
1.5,1000,5,104.8,5.805170109479997,98.0,110.0,12.0,52.400000000000006,2.902585054740001,49.0,55.00000000000001,6.000000000000007,209.6,11.610340218959994,196.0,220.0,24.0,164.2,20.079840636817814,137.0,181.0,44.0,True
1.5,1500,5,125.8,6.572670690061994,121.0,133.0,12.0,62.9,3.286335345030997,60.5,66.5,6.0,251.6,13.145341380123988,242.0,266.0,24.0,249.2,30.35951251255527,207.0,286.0,79.0,True
1.5,2000,5,139.2,3.7013511046643495,135.0,144.0,9.0,69.6,1.8506755523321747,67.5,72.0,4.5,278.4,7.402702209328699,270.0,288.0,18.0,327.6,39.39923857132267,276.0,365.0,89.0,True
