sigma_px,n_steps,GO_n_adsorbed_mean,AC_n_adsorbed_mean,GO_percent_mean,AC_percent_mean,GO_qt_mean,AC_qt_mean,GO_contacts_mean,AC_contacts_mean,delta_n_adsorbed,delta_percent,delta_qt,delta_contacts
1.0,200,83.2,58.4,41.6,29.200000000000003,166.4,116.8,93.0,75.4,24.800000000000004,12.399999999999999,49.60000000000001,17.599999999999994
1.0,400,115.0,79.8,57.5,39.9,230.0,159.6,201.8,220.0,35.2,17.6,70.4,-18.19999999999999
1.0,600,132.6,95.0,66.3,47.5,265.2,190.0,317.8,448.4,37.599999999999994,18.799999999999997,75.19999999999999,-130.59999999999997
1.0,800,144.2,105.4,72.1,52.7,288.4,210.79999999999998,499.8,751.8,38.79999999999998,19.39999999999999,77.6,-251.99999999999994
1.0,1000,154.4,114.0,77.2,57.0,308.8,228.0,673.8,1149.8,40.400000000000006,20.200000000000003,80.80000000000001,-476.0
1.0,1500,169.6,125.6,84.8,62.8,339.2,251.2,936.4,2023.0,44.0,22.0,88.0,-1086.6
1.0,2000,176.4,132.8,88.2,66.4,352.8,265.6,1303.6,3016.0,43.599999999999994,21.799999999999997,87.19999999999999,-1712.4
1.5,200,115.6,84.2,57.8,42.1,231.20000000000002,168.4,141.0,200.0,31.39999999999999,15.699999999999996,62.80000000000001,-59.0
1.5,400,149.4,109.2,74.7,54.6,298.8,218.4,263.2,511.6,40.2,20.1,80.4,-248.40000000000003
1.5,600,164.8,122.6,82.4,61.3,329.6,245.2,415.4,786.6,42.20000000000002,21.10000000000001,84.40000000000003,-371.20000000000005
1.5,800,172.8,130.6,86.4,65.3,345.6,261.2,531.2,1158.2,42.20000000000002,21.10000000000001,84.40000000000003,-627.0
1.5,1000,179.2,136.6,89.6,68.3,358.4,273.2,614.8,1610.2,42.599999999999994,21.299999999999997,85.19999999999999,-995.4000000000001
1.5,1500,186.6,149.6,93.3,74.8,373.2,299.2,786.4,2506.4,37.0,18.5,74.0,-1720.0
1.5,2000,191.4,155.0,95.7,77.5,382.8,310.0,952.2,3305.4,36.400000000000006,18.200000000000003,72.80000000000001,-2353.2
