material,sigma_px,p_ads,n_seeds,mass_conservation_ok_all_seeds,n_adsorbed_mean,n_adsorbed_std,n_adsorbed_min,n_adsorbed_max,n_adsorbed_cv_percent,percent_adsorbed_mean,percent_adsorbed_std,percent_adsorbed_min,percent_adsorbed_max,percent_adsorbed_cv_percent,qfinal_mg_g_mean,qfinal_mg_g_std,qfinal_mg_g_min,qfinal_mg_g_max,qfinal_mg_g_cv_percent,n_contacts_mean,n_contacts_std,n_contacts_min,n_contacts_max,n_contacts_cv_percent,n_adsorption_events_mean,n_adsorption_events_std,n_adsorption_events_min,n_adsorption_events_max,n_adsorption_events_cv_percent,contact_to_adsorption_efficiency_mean,contact_to_adsorption_efficiency_std,contact_to_adsorption_efficiency_min,contact_to_adsorption_efficiency_max,contact_to_adsorption_efficiency_cv_percent
AC,1.0,0.25,5,True,88.4,2.4083189157584592,85.0,91.0,2.724342664885135,44.2,1.2041594578792296,42.5,45.5,2.724342664885135,176.8,4.8166378315169185,170.0,182.0,2.724342664885135,448.4,50.2324596252264,394.0,527.0,11.202600273244068,88.4,2.4083189157584592,85.0,91.0,2.724342664885135,0.19921446030940965,0.023271743777351472,0.16129032258064516,0.22081218274111675,11.681754296955651
AC,1.0,0.5,5,True,97.6,7.893034904268446,88.0,109.0,8.087125926504555,48.800000000000004,3.9465174521342257,44.0,54.50000000000001,8.08712592650456,195.2,15.786069808536892,176.0,218.0,8.087125926504555,296.0,22.83637449333847,271.0,327.0,7.714991382884619,97.6,7.893034904268446,88.0,109.0,8.087125926504555,0.33021048359351324,0.021277794763347405,0.2996941896024465,0.35855263157894735,6.443706611550293
AC,1.0,0.75,5,True,101.6,4.159326868617084,97.0,108.0,4.093825658087681,50.8,2.079663434308542,48.5,54.0,4.093825658087681,203.2,8.318653737234168,194.0,216.0,4.093825658087681,228.6,47.45840283869654,161.0,287.0,20.760456184906626,101.6,4.159326868617084,97.0,108.0,4.093825658087681,0.4590942474080146,0.0901269356182906,0.3588850174216028,0.6024844720496895,19.631466986819234
AC,1.0,1.0,5,True,105.4,6.268971207462991,96.0,111.0,5.947790519414602,52.7,3.1344856037314996,48.0,55.50000000000001,5.94779051941461,210.8,12.53794241492599,192.0,222.00000000000003,5.947790519414606,237.4,65.48129503911785,163.0,306.0,27.582685357673903,105.4,6.268971207462991,96.0,111.0,5.947790519414602,0.47387808613569654,0.14138387420282023,0.3562091503267974,0.6809815950920245,29.835495318163858
AC,1.5,0.25,5,True,109.8,3.492849839314596,104.0,112.0,3.181101857299268,54.900000000000006,1.746424919657301,52.0,56.00000000000001,3.1811018572992724,219.60000000000002,6.985699678629206,208.0,224.00000000000003,3.1811018572992733,571.0,44.73812691653507,522.0,639.0,7.835048496766213,109.8,3.492849839314596,104.0,112.0,3.181101857299268,0.19307965134341856,0.013911838839075102,0.1752738654147105,0.20881226053639848,7.205233043605923
AC,1.5,0.5,5,True,126.2,3.63318042491699,122.0,132.0,2.8789068343240807,63.1,1.816590212458495,61.0,66.0,2.8789068343240807,252.4,7.26636084983398,244.0,264.0,2.8789068343240807,402.6,24.825390228554312,377.0,433.0,6.1662668227904405,126.2,3.63318042491699,122.0,132.0,2.8789068343240807,0.3144482314336034,0.022054366479615974,0.2909930715935335,0.34464751958224543,7.013671655606947
AC,1.5,0.75,5,True,133.8,4.024922359499621,128.0,138.0,3.0081631984302097,66.9,2.0124611797498106,64.0,69.0,3.0081631984302097,267.6,8.049844718999243,256.0,276.0,3.0081631984302097,344.0,36.47601951967895,293.0,384.0,10.6034940464183,133.8,4.024922359499621,128.0,138.0,3.0081631984302097,0.39288913209428866,0.04698547453842125,0.3333333333333333,0.45051194539249145,11.958965188974812
AC,1.5,1.0,5,True,139.2,3.7013511046643495,135.0,144.0,2.659016598178412,69.6,1.8506755523321747,67.5,72.0,2.659016598178412,278.4,7.402702209328699,270.0,288.0,2.659016598178412,327.6,39.39923857132267,276.0,365.0,12.026629600525844,139.2,3.7013511046643495,135.0,144.0,2.659016598178412,0.4297982643228153,0.051638956981550216,0.3698630136986301,0.4927536231884058,12.01469649090182
GO,1.0,0.25,5,True,160.4,6.387487769068525,151.0,169.0,3.982224294930502,80.2,3.1937438845342623,75.5,84.5,3.982224294930502,320.8,12.77497553813705,302.0,338.0,3.982224294930502,1015.4,46.34975728091788,958.0,1073.0,4.56467966130765,160.4,6.387487769068525,151.0,169.0,3.982224294930502,0.15837377718108903,0.012314184413366491,0.14603481624758222,0.17640918580375783,7.775393523187938
GO,1.0,0.5,5,True,163.4,1.949358868961793,162.0,166.0,1.1929980838199465,81.7,0.9746794344808964,81.0,83.0,1.1929980838199465,326.8,3.898717737923586,324.0,332.0,1.1929980838199465,793.8,132.43942011349944,632.0,985.0,16.684230299004717,163.4,1.949358868961793,162.0,166.0,1.1929980838199465,0.21029023669961444,0.033838514178516424,0.16852791878172588,0.2563291139240506,16.091338670588158
GO,1.0,0.75,5,True,170.2,3.8340579025361627,166.0,175.0,2.2526779685876397,85.1,1.9170289512680814,83.0,87.5,2.2526779685876397,340.4,7.6681158050723255,332.0,350.0,2.2526779685876397,588.0,131.4096647891623,430.0,735.0,22.348582447136444,170.2,3.8340579025361627,166.0,175.0,2.2526779685876397,0.3028020355010932,0.07582294285295302,0.2272108843537415,0.4069767441860465,25.040433670624807
GO,1.0,1.0,5,True,165.8,6.220932405998316,158.0,175.0,3.7520702086841466,82.9,3.110466202999158,79.0,87.5,3.7520702086841466,331.6,12.441864811996632,316.0,350.0,3.7520702086841466,596.2,158.5077285182019,361.0,761.0,26.58633487390169,165.8,6.220932405998316,158.0,175.0,3.7520702086841466,0.2976110172091223,0.0963221309361948,0.21813403416557162,0.4626038781163435,32.36510927567985
GO,1.5,0.25,5,True,181.8,6.220932405998316,171.0,186.0,3.421855008799954,90.9,3.110466202999158,85.5,93.0,3.421855008799954,363.6,12.441864811996632,342.0,372.0,3.421855008799954,1166.6,151.64530985164032,931.0,1305.0,12.998912210838363,181.8,6.220932405998316,171.0,186.0,3.421855008799954,0.15843802011728886,0.02555272385976725,0.13768115942028986,0.19871106337271752,16.12789899851754
GO,1.5,0.5,5,True,187.0,6.6332495807108,181.0,198.0,3.5471922891501606,93.5,3.3166247903554,90.5,99.0,3.5471922891501606,374.0,13.2664991614216,362.0,396.0,3.5471922891501606,729.6,156.11950550780003,544.0,935.0,21.397958539994523,187.0,6.6332495807108,181.0,198.0,3.5471922891501606,0.26707702483681783,0.06402446163171226,0.19679144385026737,0.34558823529411764,23.972283527881423
GO,1.5,0.75,5,True,186.2,1.7888543819998317,184.0,189.0,0.9607166390976539,93.1,0.8944271909999159,92.0,94.5,0.9607166390976539,372.4,3.5777087639996634,368.0,378.0,0.9607166390976539,763.4,165.60736698589227,552.0,1005.0,21.693393631895766,186.2,1.7888543819998317,184.0,189.0,0.9607166390976539,0.2534029455399413,0.055938369699194836,0.18507462686567164,0.33695652173913043,22.074869563967972
GO,1.5,1.0,5,True,186.2,3.2710854467592254,182.0,191.0,1.75675910137445,93.1,1.6355427233796127,91.0,95.5,1.75675910137445,372.4,6.542170893518451,364.0,382.0,1.75675910137445,587.4,46.035855591049895,517.0,623.0,7.837224308997258,186.2,3.2710854467592254,182.0,191.0,1.75675910137445,0.31881644098661294,0.02986852574698011,0.3001605136436597,0.3694390715667311,9.368565076050857
