material,seed,sigma_px,n_steps,p_ads,p_ads_effective,n_adsorbed,percent_adsorbed,qfinal_mg_g,m_adsorbed_mg,m_free_mg,n_contacts,n_adsorption_events,contact_to_adsorption_efficiency,mass_conservation_ok
GO,1,1.0,2000,0.25,0.25,161,80.5,322.0,3.22,0.7799999999999998,1033,161,0.1558567279767667,True
GO,2,1.0,2000,0.25,0.25,160,80.0,320.0,3.2,0.7999999999999998,1073,160,0.14911463187325255,True
GO,3,1.0,2000,0.25,0.25,151,75.5,302.0,3.02,0.98,1034,151,0.14603481624758222,True
GO,4,1.0,2000,0.25,0.25,161,80.5,322.0,3.22,0.7799999999999998,979,161,0.1644535240040858,True
GO,5,1.0,2000,0.25,0.25,169,84.5,338.0,3.38,0.6200000000000001,958,169,0.17640918580375783,True
GO,1,1.0,2000,0.5,0.5,162,81.0,324.0,3.24,0.7599999999999998,808,162,0.2004950495049505,True
GO,2,1.0,2000,0.5,0.5,162,81.0,324.0,3.24,0.7599999999999998,632,162,0.2563291139240506,True
GO,3,1.0,2000,0.5,0.5,162,81.0,324.0,3.24,0.7599999999999998,828,162,0.1956521739130435,True
GO,4,1.0,2000,0.5,0.5,166,83.0,332.0,3.3200000000000003,0.6799999999999997,985,166,0.16852791878172588,True
GO,5,1.0,2000,0.5,0.5,165,82.5,330.0,3.3000000000000003,0.6999999999999997,716,165,0.23044692737430167,True
GO,1,1.0,2000,0.75,0.75,173,86.5,346.0,3.46,0.54,686,173,0.2521865889212828,True
GO,2,1.0,2000,0.75,0.75,166,83.0,332.0,3.3200000000000003,0.6799999999999997,612,166,0.27124183006535946,True
GO,3,1.0,2000,0.75,0.75,170,85.0,340.0,3.4,0.6000000000000001,477,170,0.35639412997903563,True
GO,4,1.0,2000,0.75,0.75,167,83.5,334.0,3.34,0.6600000000000001,735,167,0.2272108843537415,True
GO,5,1.0,2000,0.75,0.75,175,87.5,350.0,3.5,0.5,430,175,0.4069767441860465,True
GO,1,1.0,2000,1.0,1.0,158,79.0,316.0,3.16,0.8399999999999999,563,158,0.28063943161634103,True
GO,2,1.0,2000,1.0,1.0,166,83.0,332.0,3.3200000000000003,0.6799999999999997,761,166,0.21813403416557162,True
GO,3,1.0,2000,1.0,1.0,167,83.5,334.0,3.34,0.6600000000000001,361,167,0.4626038781163435,True
GO,4,1.0,2000,1.0,1.0,163,81.5,326.0,3.2600000000000002,0.7399999999999998,572,163,0.28496503496503495,True
GO,5,1.0,2000,1.0,1.0,175,87.5,350.0,3.5,0.5,724,175,0.24171270718232044,True
GO,1,1.5,2000,0.25,0.25,186,93.0,372.0,3.72,0.2799999999999998,1102,186,0.16878402903811252,True
GO,2,1.5,2000,0.25,0.25,185,92.5,370.0,3.7,0.2999999999999998,1305,185,0.1417624521072797,True
GO,3,1.5,2000,0.25,0.25,182,91.0,364.0,3.64,0.3599999999999999,1253,182,0.1452513966480447,True
GO,4,1.5,2000,0.25,0.25,171,85.5,342.0,3.42,0.5800000000000001,1242,171,0.13768115942028986,True
GO,5,1.5,2000,0.25,0.25,185,92.5,370.0,3.7,0.2999999999999998,931,185,0.19871106337271752,True
GO,1,1.5,2000,0.5,0.5,188,94.0,376.0,3.7600000000000002,0.23999999999999977,544,188,0.34558823529411764,True
GO,2,1.5,2000,0.5,0.5,184,92.0,368.0,3.68,0.31999999999999984,935,184,0.19679144385026737,True
GO,3,1.5,2000,0.5,0.5,181,90.5,362.0,3.62,0.3799999999999999,820,181,0.22073170731707317,True
GO,4,1.5,2000,0.5,0.5,184,92.0,368.0,3.68,0.31999999999999984,732,184,0.25136612021857924,True
GO,5,1.5,2000,0.5,0.5,198,99.0,396.0,3.96,0.040000000000000036,617,198,0.3209076175040519,True
GO,1,1.5,2000,0.75,0.75,184,92.0,368.0,3.68,0.31999999999999984,806,184,0.228287841191067,True
GO,2,1.5,2000,0.75,0.75,186,93.0,372.0,3.72,0.2799999999999998,552,186,0.33695652173913043,True
GO,3,1.5,2000,0.75,0.75,186,93.0,372.0,3.72,0.2799999999999998,1005,186,0.18507462686567164,True
GO,4,1.5,2000,0.75,0.75,186,93.0,372.0,3.72,0.2799999999999998,694,186,0.2680115273775216,True
GO,5,1.5,2000,0.75,0.75,189,94.5,378.0,3.7800000000000002,0.21999999999999975,760,189,0.24868421052631579,True
GO,1,1.5,2000,1.0,1.0,185,92.5,370.0,3.7,0.2999999999999998,614,185,0.30130293159609123,True
GO,2,1.5,2000,1.0,1.0,186,93.0,372.0,3.72,0.2799999999999998,619,186,0.30048465266558966,True
GO,3,1.5,2000,1.0,1.0,182,91.0,364.0,3.64,0.3599999999999999,564,182,0.32269503546099293,True
GO,4,1.5,2000,1.0,1.0,187,93.5,374.0,3.74,0.2599999999999998,623,187,0.3001605136436597,True
GO,5,1.5,2000,1.0,1.0,191,95.5,382.0,3.8200000000000003,0.17999999999999972,517,191,0.3694390715667311,True
AC,1,1.0,2000,0.25,0.25,89,44.5,178.0,1.78,2.2199999999999998,449,89,0.19821826280623608,True
AC,2,1.0,2000,0.25,0.25,91,45.5,182.0,1.82,2.1799999999999997,454,91,0.20044052863436124,True
AC,3,1.0,2000,0.25,0.25,85,42.5,170.0,1.7,2.3,527,85,0.16129032258064516,True
AC,4,1.0,2000,0.25,0.25,90,45.0,180.0,1.8,2.2,418,90,0.215311004784689,True
AC,5,1.0,2000,0.25,0.25,87,43.5,174.0,1.74,2.26,394,87,0.22081218274111675,True
AC,1,1.0,2000,0.5,0.5,93,46.5,186.0,1.86,2.1399999999999997,276,93,0.33695652173913043,True
AC,2,1.0,2000,0.5,0.5,88,44.0,176.0,1.76,2.24,271,88,0.3247232472324723,True
AC,3,1.0,2000,0.5,0.5,98,49.0,196.0,1.96,2.04,327,98,0.2996941896024465,True
AC,4,1.0,2000,0.5,0.5,109,54.50000000000001,218.0,2.18,1.8199999999999998,304,109,0.35855263157894735,True
AC,5,1.0,2000,0.5,0.5,100,50.0,200.0,2.0,2.0,302,100,0.33112582781456956,True
AC,1,1.0,2000,0.75,0.75,97,48.5,194.0,1.94,2.06,161,97,0.6024844720496895,True
AC,2,1.0,2000,0.75,0.75,100,50.0,200.0,2.0,2.0,212,100,0.4716981132075472,True
AC,3,1.0,2000,0.75,0.75,100,50.0,200.0,2.0,2.0,227,100,0.44052863436123346,True
AC,4,1.0,2000,0.75,0.75,108,54.0,216.0,2.16,1.8399999999999999,256,108,0.421875,True
AC,5,1.0,2000,0.75,0.75,103,51.5,206.0,2.06,1.94,287,103,0.3588850174216028,True
AC,1,1.0,2000,1.0,1.0,96,48.0,192.0,1.92,2.08,172,96,0.5581395348837209,True
AC,2,1.0,2000,1.0,1.0,109,54.50000000000001,218.0,2.18,1.8199999999999998,266,109,0.40977443609022557,True
AC,3,1.0,2000,1.0,1.0,102,51.0,204.0,2.04,1.96,280,102,0.36428571428571427,True
AC,4,1.0,2000,1.0,1.0,109,54.50000000000001,218.0,2.18,1.8199999999999998,306,109,0.3562091503267974,True
AC,5,1.0,2000,1.0,1.0,111,55.50000000000001,222.00000000000003,2.22,1.7799999999999998,163,111,0.6809815950920245,True
AC,1,1.5,2000,0.25,0.25,112,56.00000000000001,224.00000000000003,2.24,1.7599999999999998,587,112,0.19080068143100512,True
AC,2,1.5,2000,0.25,0.25,112,56.00000000000001,224.00000000000003,2.24,1.7599999999999998,639,112,0.1752738654147105,True
AC,3,1.5,2000,0.25,0.25,104,52.0,208.0,2.08,1.92,561,104,0.18538324420677363,True
AC,4,1.5,2000,0.25,0.25,112,56.00000000000001,224.00000000000003,2.24,1.7599999999999998,546,112,0.20512820512820512,True
AC,5,1.5,2000,0.25,0.25,109,54.50000000000001,218.0,2.18,1.8199999999999998,522,109,0.20881226053639848,True
AC,1,1.5,2000,0.5,0.5,126,63.0,252.0,2.52,1.48,433,126,0.2909930715935335,True
AC,2,1.5,2000,0.5,0.5,125,62.5,250.0,2.5,1.5,424,125,0.294811320754717,True
AC,3,1.5,2000,0.5,0.5,122,61.0,244.0,2.44,1.56,377,122,0.32360742705570295,True
AC,4,1.5,2000,0.5,0.5,132,66.0,264.0,2.64,1.3599999999999999,383,132,0.34464751958224543,True
AC,5,1.5,2000,0.5,0.5,126,63.0,252.0,2.52,1.48,396,126,0.3181818181818182,True
AC,1,1.5,2000,0.75,0.75,137,68.5,274.0,2.74,1.2599999999999998,339,137,0.40412979351032446,True
AC,2,1.5,2000,0.75,0.75,132,66.0,264.0,2.64,1.3599999999999999,293,132,0.45051194539249145,True
AC,3,1.5,2000,0.75,0.75,128,64.0,256.0,2.56,1.44,384,128,0.3333333333333333,True
AC,4,1.5,2000,0.75,0.75,138,69.0,276.0,2.7600000000000002,1.2399999999999998,330,138,0.41818181818181815,True
AC,5,1.5,2000,0.75,0.75,134,67.0,268.0,2.68,1.3199999999999998,374,134,0.3582887700534759,True
AC,1,1.5,2000,1.0,1.0,136,68.0,272.0,2.72,1.2799999999999998,276,136,0.4927536231884058,True
AC,2,1.5,2000,1.0,1.0,140,70.0,280.0,2.8000000000000003,1.1999999999999997,337,140,0.41543026706231456,True
AC,3,1.5,2000,1.0,1.0,141,70.5,282.0,2.82,1.1800000000000002,298,141,0.47315436241610737,True
AC,4,1.5,2000,1.0,1.0,144,72.0,288.0,2.88,1.12,362,144,0.39779005524861877,True
AC,5,1.5,2000,1.0,1.0,135,67.5,270.0,2.7,1.2999999999999998,365,135,0.3698630136986301,True
