sigma_px,fraction_of_pso_qe,n_alpha_points,alpha_mean,alpha_std,alpha_min,alpha_max,alpha_cv_percent
1.0,0.1,5,0.03810197488486049,0.008311504225164745,0.030734089883689912,0.05158936516190806,21.813841015540785
1.0,0.2,5,0.03703288273552663,0.0079657660235261,0.026001040041601663,0.04643042864571725,21.509980955072475
1.0,0.3,5,0.034918787934456644,0.007754161534512034,0.028868660297855293,0.04421945585306406,22.206273451033784
1.0,0.4,5,0.03504226676044178,0.01045195502641322,0.024142098460168678,0.047620952457145906,29.82670926474464
1.0,0.5,5,0.03531688293507205,0.009168911052650051,0.025391640665626623,0.04710333340869866,25.961835503734964
1.0,0.6,5,0.033834603450409124,0.006264734458328112,0.02624600273378364,0.04054216222702962,18.515761437873035
1.0,0.7,5,0.033824196323747543,0.006623250277681317,0.02679730275194517,0.04195649614827377,19.581397335466672
1.0,0.8,5,0.03894054352477762,0.009056807702331386,0.03042836751503999,0.05361039183835396,23.25804131770425
1.0,0.9,1,0.06164630146849711,0.0,0.06164630146849711,0.06164630146849711,0.0
1.5,0.1,5,0.080116373379215,0.016383717818754962,0.05350008239012688,0.09630014830222838,20.449899474612856
1.5,0.2,5,0.09030323197721826,0.022007808827785746,0.06632918377959608,0.125005000200008,24.371009039120423
1.5,0.3,5,0.07338030588266815,0.015618678926355574,0.049746887834697065,0.09286085729143452,21.284565032107043
1.5,0.4,5,0.07101736500831798,0.012086611194205892,0.05158936516190807,0.08497071909020153,17.01923352519519
1.5,0.5,5,0.06919435057016689,0.006995492143464912,0.06018759268889274,0.0797577915386554,10.10991805808062
1.5,0.6,5,0.06873213992126703,0.008209251776556107,0.05945359765610136,0.0789505264421103,11.943832661051788
1.5,0.7,5,0.0676235212593078,0.008740162193982931,0.059363105117812,0.07858690858860605,12.924736883292546
1.5,0.8,5,0.07929415207311422,0.010373700782758231,0.06815475764508958,0.09319369190538233,13.082554654463072
1.5,0.9,5,0.09225637708572167,0.01193118429812838,0.08102817187479745,0.11196620113608374,12.932639103140053
