sigma_px,seed,n_alpha_points,alpha_mean,alpha_std,alpha_min,alpha_max,alpha_cv_percent
1.0,1,8,0.030721634018711502,0.0017136865535532894,0.027728104858502682,0.03385552088750216,5.57811004619592
1.0,2,8,0.04156210133656553,0.0022849970771282313,0.03859357088448083,0.04444622229333618,5.49779006269333
1.0,3,8,0.03158776487551774,0.0043567984596019176,0.026001040041601663,0.039040600663065576,13.792677249470971
1.0,4,8,0.02914012138561492,0.004259267719016936,0.024142098460168678,0.036112555613335644,14.61650644022208
1.0,5,9,0.048068224587075443,0.006730452570089674,0.04012506179259515,0.06164630146849711,14.001874685214302
1.5,1,9,0.06681052805007481,0.013640596496904982,0.049746887834697065,0.08654192321539017,20.41683682949084
1.5,2,9,0.07844910894615438,0.01158710153727491,0.059363105117812,0.09286085729143452,14.77021433758798
1.5,3,9,0.07533248414842815,0.0110674768887623,0.06171132921266217,0.0955920589764767,14.691506610821392
1.5,4,9,0.07641674990645433,0.015864367622249458,0.05350008239012688,0.11196620113608374,20.760327600519314
1.5,5,9,0.0873899162583311,0.016908028105806786,0.073449265654242,0.125005000200008,19.347802160406463
