material,sigma_px,seed,fractions_reached,fractions_not_reached,n_reached,n_not_reached
GO,1.0,1,0.1;0.2;0.3;0.4;0.5;0.6;0.7;0.8,0.9,8,1
GO,1.0,2,0.1;0.2;0.3;0.4;0.5;0.6;0.7;0.8,0.9,8,1
GO,1.0,3,0.1;0.2;0.3;0.4;0.5;0.6;0.7;0.8,0.9,8,1
GO,1.0,4,0.1;0.2;0.3;0.4;0.5;0.6;0.7;0.8,0.9,8,1
GO,1.0,5,0.1;0.2;0.3;0.4;0.5;0.6;0.7;0.8;0.9,,9,0
GO,1.5,1,0.1;0.2;0.3;0.4;0.5;0.6;0.7;0.8;0.9,,9,0
GO,1.5,2,0.1;0.2;0.3;0.4;0.5;0.6;0.7;0.8;0.9,,9,0
GO,1.5,3,0.1;0.2;0.3;0.4;0.5;0.6;0.7;0.8;0.9,,9,0
GO,1.5,4,0.1;0.2;0.3;0.4;0.5;0.6;0.7;0.8;0.9,,9,0
GO,1.5,5,0.1;0.2;0.3;0.4;0.5;0.6;0.7;0.8;0.9,,9,0
AC,1.0,1,0.1;0.2;0.3;0.4,0.5;0.6;0.7;0.8;0.9,4,5
AC,1.0,2,0.1;0.2;0.3;0.4;0.5,0.6;0.7;0.8;0.9,5,4
AC,1.0,3,0.1;0.2;0.3;0.4;0.5,0.6;0.7;0.8;0.9,5,4
AC,1.0,4,0.1;0.2;0.3;0.4;0.5,0.6;0.7;0.8;0.9,5,4
AC,1.0,5,0.1;0.2;0.3;0.4;0.5,0.6;0.7;0.8;0.9,5,4
AC,1.5,1,0.1;0.2;0.3;0.4;0.5;0.6;0.7,0.8;0.9,7,2
AC,1.5,2,0.1;0.2;0.3;0.4;0.5;0.6;0.7,0.8;0.9,7,2
AC,1.5,3,0.1;0.2;0.3;0.4;0.5;0.6;0.7,0.8;0.9,7,2
AC,1.5,4,0.1;0.2;0.3;0.4;0.5;0.6;0.7,0.8;0.9,7,2
AC,1.5,5,0.1;0.2;0.3;0.4;0.5;0.6;0.7,0.8;0.9,7,2
