material,seed,sigma_px,n_steps,n_adsorbed,percent_adsorbed,qt_mg_g,n_contacts,mass_conservation_ok,json_path
GO,1,1.5,2000,185,92.5,370.0,614,True,data\sensitivity\homogeneous_temporal_wiam_geometry\go\sens_grid_sigma_1.5_steps_2000_seed_1.json
GO,2,1.5,2000,186,93.0,372.0,619,True,data\sensitivity\homogeneous_temporal_wiam_geometry\go\sens_grid_sigma_1.5_steps_2000_seed_2.json
GO,3,1.5,2000,182,91.0,364.0,564,True,data\sensitivity\homogeneous_temporal_wiam_geometry\go\sens_grid_sigma_1.5_steps_2000_seed_3.json
GO,4,1.5,2000,187,93.5,374.0,623,True,data\sensitivity\homogeneous_temporal_wiam_geometry\go\sens_grid_sigma_1.5_steps_2000_seed_4.json
GO,5,1.5,2000,191,95.5,382.0,517,True,data\sensitivity\homogeneous_temporal_wiam_geometry\go\sens_grid_sigma_1.5_steps_2000_seed_5.json
GO,1,1.0,2000,158,79.0,316.0,563,True,data\sensitivity\homogeneous_temporal_wiam_geometry\go\sens_grid_sigma_1_steps_2000_seed_1.json
GO,2,1.0,2000,166,83.0,332.0,761,True,data\sensitivity\homogeneous_temporal_wiam_geometry\go\sens_grid_sigma_1_steps_2000_seed_2.json
GO,3,1.0,2000,167,83.5,334.0,361,True,data\sensitivity\homogeneous_temporal_wiam_geometry\go\sens_grid_sigma_1_steps_2000_seed_3.json
GO,4,1.0,2000,163,81.5,326.0,572,True,data\sensitivity\homogeneous_temporal_wiam_geometry\go\sens_grid_sigma_1_steps_2000_seed_4.json
GO,5,1.0,2000,175,87.5,350.0,724,True,data\sensitivity\homogeneous_temporal_wiam_geometry\go\sens_grid_sigma_1_steps_2000_seed_5.json
AC,1,1.5,2000,136,68.0,272.0,276,True,data\sensitivity\homogeneous_temporal_wiam_geometry\ac\ac_sens_grid_sigma_1.5_steps_2000_seed_1.json
AC,2,1.5,2000,140,70.0,280.0,337,True,data\sensitivity\homogeneous_temporal_wiam_geometry\ac\ac_sens_grid_sigma_1.5_steps_2000_seed_2.json
AC,3,1.5,2000,141,70.5,282.0,298,True,data\sensitivity\homogeneous_temporal_wiam_geometry\ac\ac_sens_grid_sigma_1.5_steps_2000_seed_3.json
AC,4,1.5,2000,144,72.0,288.0,362,True,data\sensitivity\homogeneous_temporal_wiam_geometry\ac\ac_sens_grid_sigma_1.5_steps_2000_seed_4.json
AC,5,1.5,2000,135,67.5,270.0,365,True,data\sensitivity\homogeneous_temporal_wiam_geometry\ac\ac_sens_grid_sigma_1.5_steps_2000_seed_5.json
AC,1,1.0,2000,96,48.0,192.0,172,True,data\sensitivity\homogeneous_temporal_wiam_geometry\ac\ac_sens_grid_sigma_1_steps_2000_seed_1.json
AC,2,1.0,2000,109,54.50000000000001,218.0,266,True,data\sensitivity\homogeneous_temporal_wiam_geometry\ac\ac_sens_grid_sigma_1_steps_2000_seed_2.json
AC,3,1.0,2000,102,51.0,204.0,280,True,data\sensitivity\homogeneous_temporal_wiam_geometry\ac\ac_sens_grid_sigma_1_steps_2000_seed_3.json
AC,4,1.0,2000,109,54.50000000000001,218.0,306,True,data\sensitivity\homogeneous_temporal_wiam_geometry\ac\ac_sens_grid_sigma_1_steps_2000_seed_4.json
AC,5,1.0,2000,111,55.50000000000001,222.00000000000003,163,True,data\sensitivity\homogeneous_temporal_wiam_geometry\ac\ac_sens_grid_sigma_1_steps_2000_seed_5.json
