material,sigma_px,seed,n_steps_horizon,fractions_total,fractions_reached,fractions_not_reached,pso_reference_status,alpha_min,alpha_max,alpha_mean,alpha_std,coefficient_of_variation,n_alpha_points
AC,1.0,1,200,9,1,8,PSO_reference_not_available_for_AC,,,,,,0
AC,1.0,1,400,9,2,7,PSO_reference_not_available_for_AC,,,,,,0
AC,1.0,1,600,9,2,7,PSO_reference_not_available_for_AC,,,,,,0
AC,1.0,1,800,9,3,6,PSO_reference_not_available_for_AC,,,,,,0
AC,1.0,1,1000,9,3,6,PSO_reference_not_available_for_AC,,,,,,0
AC,1.0,1,1500,9,4,5,PSO_reference_not_available_for_AC,,,,,,0
AC,1.0,1,2000,9,4,5,PSO_reference_not_available_for_AC,,,,,,0
AC,1.0,2,200,9,1,8,PSO_reference_not_available_for_AC,,,,,,0
AC,1.0,2,400,9,2,7,PSO_reference_not_available_for_AC,,,,,,0
AC,1.0,2,600,9,3,6,PSO_reference_not_available_for_AC,,,,,,0
AC,1.0,2,800,9,3,6,PSO_reference_not_available_for_AC,,,,,,0
AC,1.0,2,1000,9,4,5,PSO_reference_not_available_for_AC,,,,,,0
AC,1.0,2,1500,9,5,4,PSO_reference_not_available_for_AC,,,,,,0
AC,1.0,2,2000,9,5,4,PSO_reference_not_available_for_AC,,,,,,0
AC,1.0,3,200,9,1,8,PSO_reference_not_available_for_AC,,,,,,0
AC,1.0,3,400,9,1,8,PSO_reference_not_available_for_AC,,,,,,0
AC,1.0,3,600,9,2,7,PSO_reference_not_available_for_AC,,,,,,0
AC,1.0,3,800,9,3,6,PSO_reference_not_available_for_AC,,,,,,0
AC,1.0,3,1000,9,3,6,PSO_reference_not_available_for_AC,,,,,,0
AC,1.0,3,1500,9,4,5,PSO_reference_not_available_for_AC,,,,,,0
AC,1.0,3,2000,9,5,4,PSO_reference_not_available_for_AC,,,,,,0
AC,1.0,4,200,9,1,8,PSO_reference_not_available_for_AC,,,,,,0
AC,1.0,4,400,9,2,7,PSO_reference_not_available_for_AC,,,,,,0
AC,1.0,4,600,9,3,6,PSO_reference_not_available_for_AC,,,,,,0
AC,1.0,4,800,9,4,5,PSO_reference_not_available_for_AC,,,,,,0
AC,1.0,4,1000,9,4,5,PSO_reference_not_available_for_AC,,,,,,0
AC,1.0,4,1500,9,4,5,PSO_reference_not_available_for_AC,,,,,,0
AC,1.0,4,2000,9,5,4,PSO_reference_not_available_for_AC,,,,,,0
AC,1.0,5,200,9,1,8,PSO_reference_not_available_for_AC,,,,,,0
AC,1.0,5,400,9,2,7,PSO_reference_not_available_for_AC,,,,,,0
AC,1.0,5,600,9,2,7,PSO_reference_not_available_for_AC,,,,,,0
AC,1.0,5,800,9,3,6,PSO_reference_not_available_for_AC,,,,,,0
AC,1.0,5,1000,9,4,5,PSO_reference_not_available_for_AC,,,,,,0
AC,1.0,5,1500,9,5,4,PSO_reference_not_available_for_AC,,,,,,0
AC,1.0,5,2000,9,5,4,PSO_reference_not_available_for_AC,,,,,,0
AC,1.5,1,200,9,1,8,PSO_reference_not_available_for_AC,,,,,,0
AC,1.5,1,400,9,3,6,PSO_reference_not_available_for_AC,,,,,,0
AC,1.5,1,600,9,4,5,PSO_reference_not_available_for_AC,,,,,,0
AC,1.5,1,800,9,4,5,PSO_reference_not_available_for_AC,,,,,,0
AC,1.5,1,1000,9,5,4,PSO_reference_not_available_for_AC,,,,,,0
AC,1.5,1,1500,9,6,3,PSO_reference_not_available_for_AC,,,,,,0
AC,1.5,1,2000,9,7,2,PSO_reference_not_available_for_AC,,,,,,0
AC,1.5,2,200,9,1,8,PSO_reference_not_available_for_AC,,,,,,0
AC,1.5,2,400,9,3,6,PSO_reference_not_available_for_AC,,,,,,0
AC,1.5,2,600,9,4,5,PSO_reference_not_available_for_AC,,,,,,0
AC,1.5,2,800,9,4,5,PSO_reference_not_available_for_AC,,,,,,0
AC,1.5,2,1000,9,5,4,PSO_reference_not_available_for_AC,,,,,,0
AC,1.5,2,1500,9,6,3,PSO_reference_not_available_for_AC,,,,,,0
AC,1.5,2,2000,9,7,2,PSO_reference_not_available_for_AC,,,,,,0
AC,1.5,3,200,9,2,7,PSO_reference_not_available_for_AC,,,,,,0
AC,1.5,3,400,9,3,6,PSO_reference_not_available_for_AC,,,,,,0
AC,1.5,3,600,9,4,5,PSO_reference_not_available_for_AC,,,,,,0
AC,1.5,3,800,9,5,4,PSO_reference_not_available_for_AC,,,,,,0
AC,1.5,3,1000,9,5,4,PSO_reference_not_available_for_AC,,,,,,0
AC,1.5,3,1500,9,6,3,PSO_reference_not_available_for_AC,,,,,,0
AC,1.5,3,2000,9,7,2,PSO_reference_not_available_for_AC,,,,,,0
AC,1.5,4,200,9,2,7,PSO_reference_not_available_for_AC,,,,,,0
AC,1.5,4,400,9,4,5,PSO_reference_not_available_for_AC,,,,,,0
AC,1.5,4,600,9,4,5,PSO_reference_not_available_for_AC,,,,,,0
AC,1.5,4,800,9,5,4,PSO_reference_not_available_for_AC,,,,,,0
AC,1.5,4,1000,9,5,4,PSO_reference_not_available_for_AC,,,,,,0
AC,1.5,4,1500,9,6,3,PSO_reference_not_available_for_AC,,,,,,0
AC,1.5,4,2000,9,7,2,PSO_reference_not_available_for_AC,,,,,,0
AC,1.5,5,200,9,2,7,PSO_reference_not_available_for_AC,,,,,,0
AC,1.5,5,400,9,3,6,PSO_reference_not_available_for_AC,,,,,,0
AC,1.5,5,600,9,3,6,PSO_reference_not_available_for_AC,,,,,,0
AC,1.5,5,800,9,4,5,PSO_reference_not_available_for_AC,,,,,,0
AC,1.5,5,1000,9,5,4,PSO_reference_not_available_for_AC,,,,,,0
AC,1.5,5,1500,9,6,3,PSO_reference_not_available_for_AC,,,,,,0
AC,1.5,5,2000,9,7,2,PSO_reference_not_available_for_AC,,,,,,0
GO,1.0,1,200,9,3,6,go_pso_reference,0.029955115255301458,0.03385552088750216,0.031514908675497846,0.0020641098597594175,0.06549629830798837,3
GO,1.0,1,400,9,4,5,go_pso_reference,0.029955115255301458,0.03385552088750216,0.0315730069161477,0.0016893395053601463,0.05350581621341078,4
GO,1.0,1,600,9,5,4,go_pso_reference,0.029955115255301458,0.03385552088750216,0.03136193605911573,0.0015372558364562788,0.04901661152419372,5
GO,1.0,1,800,9,6,3,go_pso_reference,0.029955115255301458,0.03385552088750216,0.03126943329602489,0.0013935081529907734,0.04456454774215311,6
GO,1.0,1,1000,9,6,3,go_pso_reference,0.029955115255301458,0.03385552088750216,0.03126943329602489,0.0013935081529907734,0.04456454774215311,6
GO,1.0,1,1500,9,7,2,go_pso_reference,0.027728104858502682,0.03385552088750216,0.03076352923352172,0.0018465625506808494,0.06002440541408129,7
GO,1.0,1,2000,9,8,1,go_pso_reference,0.027728104858502682,0.03385552088750216,0.030721634018711502,0.0017136865535532894,0.05578110046195919,8
GO,1.0,2,200,9,4,5,go_pso_reference,0.04012506179259516,0.04444622229333618,0.04288890210711795,0.0019874453498348664,0.04633938506681953,4
GO,1.0,2,400,9,5,4,go_pso_reference,0.04012506179259516,0.04444622229333618,0.042864095383589644,0.0017220717556467341,0.04017515685881062,5
GO,1.0,2,600,9,6,3,go_pso_reference,0.04012506179259516,0.04444622229333618,0.04247710652416298,0.0018085870643126686,0.0425779252003396,6
GO,1.0,2,800,9,7,2,go_pso_reference,0.03859357088448083,0.04444622229333618,0.0419223157184941,0.002209156514912948,0.05269643332079518,7
GO,1.0,2,1000,9,7,2,go_pso_reference,0.03859357088448083,0.04444622229333618,0.0419223157184941,0.002209156514912948,0.05269643332079518,7
GO,1.0,2,1500,9,8,1,go_pso_reference,0.03859357088448083,0.04444622229333618,0.04156210133656553,0.0022849970771282313,0.0549779006269333,8
GO,1.0,2,2000,9,8,1,go_pso_reference,0.03859357088448083,0.04444622229333618,0.04156210133656553,0.0022849970771282313,0.0549779006269333,8
GO,1.0,3,200,9,3,6,go_pso_reference,0.026001040041601663,0.035231761573986,0.030033820637814318,0.004724378685654445,0.15730195444086054,3
GO,1.0,3,400,9,4,5,go_pso_reference,0.026001040041601663,0.035231761573986,0.029339055216725956,0.004100077064926671,0.13974809463493734,4
GO,1.0,3,600,9,5,4,go_pso_reference,0.026001040041601663,0.035231761573986,0.0296326280694949,0.003610941574322101,0.12185694653385669,5
GO,1.0,3,800,9,6,3,go_pso_reference,0.026001040041601663,0.035231761573986,0.02993600189425684,0.0033141112395087668,0.11070654161551788,6
GO,1.0,3,1000,9,7,2,go_pso_reference,0.026001040041601663,0.035231761573986,0.030523074048725188,0.0034007872262752205,0.11141693070777896,7
GO,1.0,3,1500,9,8,1,go_pso_reference,0.026001040041601663,0.039040600663065576,0.03158776487551774,0.0043567984596019176,0.13792677249470972,8
GO,1.0,3,2000,9,8,1,go_pso_reference,0.026001040041601663,0.039040600663065576,0.03158776487551774,0.0043567984596019176,0.13792677249470972,8
GO,1.0,4,200,9,3,6,go_pso_reference,0.02901901790357329,0.036112555613335644,0.03265372317634408,0.0035500377111699678,0.10871770094939082,3
GO,1.0,4,400,9,4,5,go_pso_reference,0.024142098460168678,0.036112555613335644,0.030525816997300233,0.005149153716330928,0.16868192968549636,4
GO,1.0,4,600,9,5,4,go_pso_reference,0.024142098460168678,0.036112555613335644,0.02949898173096551,0.005015704468641165,0.1700297493108417,5
GO,1.0,4,800,9,6,3,go_pso_reference,0.024142098460168678,0.036112555613335644,0.028956818564768533,0.004678619288431359,0.16157228315557384,6
GO,1.0,4,1000,9,6,3,go_pso_reference,0.024142098460168678,0.036112555613335644,0.028956818564768533,0.004678619288431359,0.16157228315557384,6
GO,1.0,4,1500,9,7,2,go_pso_reference,0.024142098460168678,0.036112555613335644,0.028648316305793765,0.0043482694885378665,0.1517809787536618,7
GO,1.0,4,2000,9,8,1,go_pso_reference,0.024142098460168678,0.036112555613335644,0.02914012138561492,0.004259267719016936,0.1461650644022208,8
GO,1.0,5,200,9,4,5,go_pso_reference,0.0425316903624891,0.05158936516190806,0.04704310915681508,0.0037296391018460935,0.0792813053536404,4
GO,1.0,5,400,9,5,4,go_pso_reference,0.0425316903624891,0.05158936516190806,0.0470551540071918,0.003230074498307661,0.06864443580003976,5
GO,1.0,5,600,9,6,3,go_pso_reference,0.04012506179259515,0.05158936516190806,0.04590013863809236,0.004043645388610319,0.08809658333481617,6
GO,1.0,5,800,9,7,2,go_pso_reference,0.04012506179259515,0.05158936516190806,0.04533676113954684,0.003980910632643788,0.08780756570568682,7
GO,1.0,5,1000,9,8,1,go_pso_reference,0.04012506179259515,0.05361039183835396,0.04637096497689773,0.004705350163276015,0.1014719052238884,8
GO,1.0,5,1500,9,8,1,go_pso_reference,0.04012506179259515,0.05361039183835396,0.04637096497689773,0.004705350163276015,0.1014719052238884,8
GO,1.0,5,2000,9,9,0,go_pso_reference,0.04012506179259515,0.06164630146849711,0.048068224587075443,0.006730452570089674,0.14001874685214302,9
GO,1.5,1,200,9,4,5,go_pso_reference,0.049746887834697065,0.08333666680000533,0.0662307608454502,0.01803000357876818,0.2722300536580167,4
GO,1.5,1,400,9,6,3,go_pso_reference,0.049746887834697065,0.08333666680000533,0.06409403895446582,0.014354786148028842,0.22396444945881597,6
GO,1.5,1,600,9,7,2,go_pso_reference,0.049746887834697065,0.08333666680000533,0.06379972451288479,0.013127182411445447,0.2057560986614342,7
GO,1.5,1,800,9,8,1,go_pso_reference,0.049746887834697065,0.08333666680000533,0.06434410365441039,0.012250557029696662,0.19039129203654642,8
GO,1.5,1,1000,9,8,1,go_pso_reference,0.049746887834697065,0.08333666680000533,0.06434410365441039,0.012250557029696662,0.19039129203654642,8
GO,1.5,1,1500,9,9,0,go_pso_reference,0.049746887834697065,0.08654192321539017,0.06681052805007481,0.013640596496904982,0.2041683682949084,9
GO,1.5,1,2000,9,9,0,go_pso_reference,0.049746887834697065,0.08654192321539017,0.06681052805007481,0.013640596496904982,0.2041683682949084,9
GO,1.5,2,200,9,5,4,go_pso_reference,0.06989526892903673,0.09286085729143452,0.08385229689480342,0.009017925593997386,0.10754536164120572,5
GO,1.5,2,400,9,6,3,go_pso_reference,0.0693977937053425,0.09286085729143452,0.08144321302989327,0.009994023014988564,0.1227115513151515,6
GO,1.5,2,600,9,7,2,go_pso_reference,0.059363105117812,0.09286085729143452,0.07828891189959594,0.012364507917055671,0.15793434366430997,7
GO,1.5,2,800,9,8,1,go_pso_reference,0.059363105117812,0.09286085729143452,0.07727507862793649,0.011801007092242606,0.15271426832267634,8
GO,1.5,2,1000,9,8,1,go_pso_reference,0.059363105117812,0.09286085729143452,0.07727507862793649,0.011801007092242606,0.15271426832267634,8
GO,1.5,2,1500,9,9,0,go_pso_reference,0.059363105117812,0.09286085729143452,0.07844910894615438,0.01158710153727491,0.1477021433758798,9
GO,1.5,2,2000,9,9,0,go_pso_reference,0.059363105117812,0.09286085729143452,0.07844910894615438,0.01158710153727491,0.1477021433758798,9
GO,1.5,3,200,9,5,4,go_pso_reference,0.06806554984712478,0.0955920589764767,0.07757684628978669,0.01105546271829638,0.14250982409105584,5
GO,1.5,3,400,9,6,3,go_pso_reference,0.06171132921266217,0.0955920589764767,0.07493259344359926,0.011820788612437605,0.15775229535242166,6
GO,1.5,3,600,9,7,2,go_pso_reference,0.06171132921266217,0.0955920589764767,0.07318146342249533,0.011743412222985231,0.16046976479805417,7
GO,1.5,3,800,9,8,1,go_pso_reference,0.06171132921266217,0.0955920589764767,0.07462052318263199,0.011609210576431161,0.15557664408245825,8
GO,1.5,3,1000,9,8,1,go_pso_reference,0.06171132921266217,0.0955920589764767,0.07462052318263199,0.011609210576431161,0.15557664408245825,8
GO,1.5,3,1500,9,9,0,go_pso_reference,0.06171132921266217,0.0955920589764767,0.07533248414842815,0.0110674768887623,0.14691506610821392,9
GO,1.5,3,2000,9,9,0,go_pso_reference,0.06171132921266217,0.0955920589764767,0.07533248414842815,0.0110674768887623,0.14691506610821392,9
GO,1.5,4,200,9,5,4,go_pso_reference,0.05350008239012688,0.07847396390825453,0.06759939788121971,0.009152990604434781,0.1354004753195833,5
GO,1.5,4,400,9,7,2,go_pso_reference,0.05350008239012688,0.0789505264421103,0.07079063206240213,0.009250176844942403,0.13066950492528936,7
GO,1.5,4,600,9,7,2,go_pso_reference,0.05350008239012688,0.0789505264421103,0.07079063206240213,0.009250176844942403,0.13066950492528936,7
GO,1.5,4,800,9,8,1,go_pso_reference,0.05350008239012688,0.08025012358519035,0.07197306850275066,0.00919387499807998,0.12774048945444932,8
GO,1.5,4,1000,9,8,1,go_pso_reference,0.05350008239012688,0.08025012358519035,0.07197306850275066,0.00919387499807998,0.12774048945444932,8
GO,1.5,4,1500,9,9,0,go_pso_reference,0.05350008239012688,0.11196620113608374,0.07641674990645433,0.015864367622249458,0.20760327600519315,9
GO,1.5,4,2000,9,9,0,go_pso_reference,0.05350008239012688,0.11196620113608374,0.07641674990645433,0.015864367622249458,0.20760327600519315,9
GO,1.5,5,200,9,5,4,go_pso_reference,0.073449265654242,0.125005000200008,0.08996095853763776,0.021564855235776916,0.23971348889923885,5
GO,1.5,5,400,9,6,3,go_pso_reference,0.073449265654242,0.125005000200008,0.08732537421305127,0.0203399167516499,0.23292103738399997,6
GO,1.5,5,600,9,8,1,go_pso_reference,0.073449265654242,0.125005000200008,0.08657562607681757,0.01788578998389082,0.20659151766365466,8
GO,1.5,5,800,9,8,1,go_pso_reference,0.073449265654242,0.125005000200008,0.08657562607681757,0.01788578998389082,0.20659151766365466,8
GO,1.5,5,1000,9,8,1,go_pso_reference,0.073449265654242,0.125005000200008,0.08657562607681757,0.01788578998389082,0.20659151766365466,8
GO,1.5,5,1500,9,9,0,go_pso_reference,0.073449265654242,0.125005000200008,0.0873899162583311,0.016908028105806786,0.19347802160406463,9
GO,1.5,5,2000,9,9,0,go_pso_reference,0.073449265654242,0.125005000200008,0.0873899162583311,0.016908028105806786,0.19347802160406463,9
