material,seed,sigma_px,n_steps,final_n_adsorbed,final_percent_adsorbed,final_qt_mg_g,final_n_contacts,mass_conservation_ok,json_path
GO,1,1.5,1000,162,81.0,324.0,452,True,data\sensitivity\homogeneous_temporal_wiam_geometry\go\sens_grid_sigma_1.5_steps_1000_seed_1.json
GO,2,1.5,1000,167,83.5,334.0,404,True,data\sensitivity\homogeneous_temporal_wiam_geometry\go\sens_grid_sigma_1.5_steps_1000_seed_2.json
GO,3,1.5,1000,166,83.0,332.0,384,True,data\sensitivity\homogeneous_temporal_wiam_geometry\go\sens_grid_sigma_1.5_steps_1000_seed_3.json
GO,4,1.5,1000,171,85.5,342.0,376,True,data\sensitivity\homogeneous_temporal_wiam_geometry\go\sens_grid_sigma_1.5_steps_1000_seed_4.json
GO,5,1.5,1000,170,85.0,340.0,342,True,data\sensitivity\homogeneous_temporal_wiam_geometry\go\sens_grid_sigma_1.5_steps_1000_seed_5.json
GO,1,1.5,1500,178,89.0,356.0,569,True,data\sensitivity\homogeneous_temporal_wiam_geometry\go\sens_grid_sigma_1.5_steps_1500_seed_1.json
GO,2,1.5,1500,179,89.5,358.0,512,True,data\sensitivity\homogeneous_temporal_wiam_geometry\go\sens_grid_sigma_1.5_steps_1500_seed_2.json
GO,3,1.5,1500,176,88.0,352.0,475,True,data\sensitivity\homogeneous_temporal_wiam_geometry\go\sens_grid_sigma_1.5_steps_1500_seed_3.json
GO,4,1.5,1500,180,90.0,360.0,512,True,data\sensitivity\homogeneous_temporal_wiam_geometry\go\sens_grid_sigma_1.5_steps_1500_seed_4.json
GO,5,1.5,1500,185,92.5,370.0,425,True,data\sensitivity\homogeneous_temporal_wiam_geometry\go\sens_grid_sigma_1.5_steps_1500_seed_5.json
GO,1,1.5,2000,185,92.5,370.0,614,True,data\sensitivity\homogeneous_temporal_wiam_geometry\go\sens_grid_sigma_1.5_steps_2000_seed_1.json
GO,2,1.5,2000,186,93.0,372.0,619,True,data\sensitivity\homogeneous_temporal_wiam_geometry\go\sens_grid_sigma_1.5_steps_2000_seed_2.json
GO,3,1.5,2000,182,91.0,364.0,564,True,data\sensitivity\homogeneous_temporal_wiam_geometry\go\sens_grid_sigma_1.5_steps_2000_seed_3.json
GO,4,1.5,2000,187,93.5,374.0,623,True,data\sensitivity\homogeneous_temporal_wiam_geometry\go\sens_grid_sigma_1.5_steps_2000_seed_4.json
GO,5,1.5,2000,191,95.5,382.0,517,True,data\sensitivity\homogeneous_temporal_wiam_geometry\go\sens_grid_sigma_1.5_steps_2000_seed_5.json
GO,1,1.5,200,91,45.5,182.0,108,True,data\sensitivity\homogeneous_temporal_wiam_geometry\go\sens_grid_sigma_1.5_steps_200_seed_1.json
GO,2,1.5,200,102,51.0,204.0,131,True,data\sensitivity\homogeneous_temporal_wiam_geometry\go\sens_grid_sigma_1.5_steps_200_seed_2.json
GO,3,1.5,200,101,50.5,202.0,113,True,data\sensitivity\homogeneous_temporal_wiam_geometry\go\sens_grid_sigma_1.5_steps_200_seed_3.json
GO,4,1.5,200,98,49.0,196.0,109,True,data\sensitivity\homogeneous_temporal_wiam_geometry\go\sens_grid_sigma_1.5_steps_200_seed_4.json
GO,5,1.5,200,103,51.5,206.0,104,True,data\sensitivity\homogeneous_temporal_wiam_geometry\go\sens_grid_sigma_1.5_steps_200_seed_5.json
GO,1,1.5,400,127,63.5,254.0,225,True,data\sensitivity\homogeneous_temporal_wiam_geometry\go\sens_grid_sigma_1.5_steps_400_seed_1.json
GO,2,1.5,400,124,62.0,248.0,210,True,data\sensitivity\homogeneous_temporal_wiam_geometry\go\sens_grid_sigma_1.5_steps_400_seed_2.json
GO,3,1.5,400,128,64.0,256.0,192,True,data\sensitivity\homogeneous_temporal_wiam_geometry\go\sens_grid_sigma_1.5_steps_400_seed_3.json
GO,4,1.5,400,137,68.5,274.0,154,True,data\sensitivity\homogeneous_temporal_wiam_geometry\go\sens_grid_sigma_1.5_steps_400_seed_4.json
GO,5,1.5,400,134,67.0,268.0,200,True,data\sensitivity\homogeneous_temporal_wiam_geometry\go\sens_grid_sigma_1.5_steps_400_seed_5.json
GO,1,1.5,600,140,70.0,280.0,295,True,data\sensitivity\homogeneous_temporal_wiam_geometry\go\sens_grid_sigma_1.5_steps_600_seed_1.json
GO,2,1.5,600,144,72.0,288.0,257,True,data\sensitivity\homogeneous_temporal_wiam_geometry\go\sens_grid_sigma_1.5_steps_600_seed_2.json
GO,3,1.5,600,152,76.0,304.0,314,True,data\sensitivity\homogeneous_temporal_wiam_geometry\go\sens_grid_sigma_1.5_steps_600_seed_3.json
GO,4,1.5,600,152,76.0,304.0,204,True,data\sensitivity\homogeneous_temporal_wiam_geometry\go\sens_grid_sigma_1.5_steps_600_seed_4.json
GO,5,1.5,600,154,77.0,308.0,272,True,data\sensitivity\homogeneous_temporal_wiam_geometry\go\sens_grid_sigma_1.5_steps_600_seed_5.json
GO,1,1.5,800,154,77.0,308.0,359,True,data\sensitivity\homogeneous_temporal_wiam_geometry\go\sens_grid_sigma_1.5_steps_800_seed_1.json
GO,2,1.5,800,157,78.5,314.0,349,True,data\sensitivity\homogeneous_temporal_wiam_geometry\go\sens_grid_sigma_1.5_steps_800_seed_2.json
GO,3,1.5,800,159,79.5,318.0,354,True,data\sensitivity\homogeneous_temporal_wiam_geometry\go\sens_grid_sigma_1.5_steps_800_seed_3.json
GO,4,1.5,800,165,82.5,330.0,257,True,data\sensitivity\homogeneous_temporal_wiam_geometry\go\sens_grid_sigma_1.5_steps_800_seed_4.json
GO,5,1.5,800,163,81.5,326.0,303,True,data\sensitivity\homogeneous_temporal_wiam_geometry\go\sens_grid_sigma_1.5_steps_800_seed_5.json
GO,1,1.0,1000,133,66.5,266.0,342,True,data\sensitivity\homogeneous_temporal_wiam_geometry\go\sens_grid_sigma_1_steps_1000_seed_1.json
GO,2,1.0,1000,144,72.0,288.0,341,True,data\sensitivity\homogeneous_temporal_wiam_geometry\go\sens_grid_sigma_1_steps_1000_seed_2.json
GO,3,1.0,1000,141,70.5,282.0,270,True,data\sensitivity\homogeneous_temporal_wiam_geometry\go\sens_grid_sigma_1_steps_1000_seed_3.json
GO,4,1.0,1000,129,64.5,258.0,330,True,data\sensitivity\homogeneous_temporal_wiam_geometry\go\sens_grid_sigma_1_steps_1000_seed_4.json
GO,5,1.0,1000,155,77.5,310.0,395,True,data\sensitivity\homogeneous_temporal_wiam_geometry\go\sens_grid_sigma_1_steps_1000_seed_5.json
GO,1,1.0,1500,149,74.5,298.0,438,True,data\sensitivity\homogeneous_temporal_wiam_geometry\go\sens_grid_sigma_1_steps_1500_seed_1.json
GO,2,1.0,1500,160,80.0,320.0,560,True,data\sensitivity\homogeneous_temporal_wiam_geometry\go\sens_grid_sigma_1_steps_1500_seed_2.json
GO,3,1.0,1500,157,78.5,314.0,321,True,data\sensitivity\homogeneous_temporal_wiam_geometry\go\sens_grid_sigma_1_steps_1500_seed_3.json
GO,4,1.0,1500,150,75.0,300.0,479,True,data\sensitivity\homogeneous_temporal_wiam_geometry\go\sens_grid_sigma_1_steps_1500_seed_4.json
GO,5,1.0,1500,171,85.5,342.0,585,True,data\sensitivity\homogeneous_temporal_wiam_geometry\go\sens_grid_sigma_1_steps_1500_seed_5.json
GO,1,1.0,2000,158,79.0,316.0,563,True,data\sensitivity\homogeneous_temporal_wiam_geometry\go\sens_grid_sigma_1_steps_2000_seed_1.json
GO,2,1.0,2000,166,83.0,332.0,761,True,data\sensitivity\homogeneous_temporal_wiam_geometry\go\sens_grid_sigma_1_steps_2000_seed_2.json
GO,3,1.0,2000,167,83.5,334.0,361,True,data\sensitivity\homogeneous_temporal_wiam_geometry\go\sens_grid_sigma_1_steps_2000_seed_3.json
GO,4,1.0,2000,163,81.5,326.0,572,True,data\sensitivity\homogeneous_temporal_wiam_geometry\go\sens_grid_sigma_1_steps_2000_seed_4.json
GO,5,1.0,2000,175,87.5,350.0,724,True,data\sensitivity\homogeneous_temporal_wiam_geometry\go\sens_grid_sigma_1_steps_2000_seed_5.json
GO,1,1.0,200,64,32.0,128.0,64,True,data\sensitivity\homogeneous_temporal_wiam_geometry\go\sens_grid_sigma_1_steps_200_seed_1.json
GO,2,1.0,200,78,39.0,156.0,80,True,data\sensitivity\homogeneous_temporal_wiam_geometry\go\sens_grid_sigma_1_steps_200_seed_2.json
GO,3,1.0,200,59,29.5,117.99999999999999,59,True,data\sensitivity\homogeneous_temporal_wiam_geometry\go\sens_grid_sigma_1_steps_200_seed_3.json
GO,4,1.0,200,59,29.5,117.99999999999999,73,True,data\sensitivity\homogeneous_temporal_wiam_geometry\go\sens_grid_sigma_1_steps_200_seed_4.json
GO,5,1.0,200,80,40.0,160.0,80,True,data\sensitivity\homogeneous_temporal_wiam_geometry\go\sens_grid_sigma_1_steps_200_seed_5.json
GO,1,1.0,400,93,46.5,186.0,101,True,data\sensitivity\homogeneous_temporal_wiam_geometry\go\sens_grid_sigma_1_steps_400_seed_1.json
GO,2,1.0,400,110,55.00000000000001,220.0,222,True,data\sensitivity\homogeneous_temporal_wiam_geometry\go\sens_grid_sigma_1_steps_400_seed_2.json
GO,3,1.0,400,94,47.0,188.0,112,True,data\sensitivity\homogeneous_temporal_wiam_geometry\go\sens_grid_sigma_1_steps_400_seed_3.json
GO,4,1.0,400,80,40.0,160.0,128,True,data\sensitivity\homogeneous_temporal_wiam_geometry\go\sens_grid_sigma_1_steps_400_seed_4.json
GO,5,1.0,400,110,55.00000000000001,220.0,155,True,data\sensitivity\homogeneous_temporal_wiam_geometry\go\sens_grid_sigma_1_steps_400_seed_5.json
GO,1,1.0,600,110,55.00000000000001,220.0,178,True,data\sensitivity\homogeneous_temporal_wiam_geometry\go\sens_grid_sigma_1_steps_600_seed_1.json
GO,2,1.0,600,126,63.0,252.0,261,True,data\sensitivity\homogeneous_temporal_wiam_geometry\go\sens_grid_sigma_1_steps_600_seed_2.json
GO,3,1.0,600,114,56.99999999999999,228.00000000000003,161,True,data\sensitivity\homogeneous_temporal_wiam_geometry\go\sens_grid_sigma_1_steps_600_seed_3.json
GO,4,1.0,600,104,52.0,208.0,191,True,data\sensitivity\homogeneous_temporal_wiam_geometry\go\sens_grid_sigma_1_steps_600_seed_4.json
GO,5,1.0,600,124,62.0,248.0,249,True,data\sensitivity\homogeneous_temporal_wiam_geometry\go\sens_grid_sigma_1_steps_600_seed_5.json
GO,1,1.0,800,126,63.0,252.0,249,True,data\sensitivity\homogeneous_temporal_wiam_geometry\go\sens_grid_sigma_1_steps_800_seed_1.json
GO,2,1.0,800,135,67.5,270.0,298,True,data\sensitivity\homogeneous_temporal_wiam_geometry\go\sens_grid_sigma_1_steps_800_seed_2.json
GO,3,1.0,800,128,64.0,256.0,187,True,data\sensitivity\homogeneous_temporal_wiam_geometry\go\sens_grid_sigma_1_steps_800_seed_3.json
GO,4,1.0,800,118,59.0,235.99999999999997,270,True,data\sensitivity\homogeneous_temporal_wiam_geometry\go\sens_grid_sigma_1_steps_800_seed_4.json
GO,5,1.0,800,140,70.0,280.0,342,True,data\sensitivity\homogeneous_temporal_wiam_geometry\go\sens_grid_sigma_1_steps_800_seed_5.json
AC,1,1.5,1000,99,49.5,198.0,137,True,data\sensitivity\homogeneous_temporal_wiam_geometry\ac\ac_sens_grid_sigma_1.5_steps_1000_seed_1.json
AC,2,1.5,1000,108,54.0,216.0,181,True,data\sensitivity\homogeneous_temporal_wiam_geometry\ac\ac_sens_grid_sigma_1.5_steps_1000_seed_2.json
AC,3,1.5,1000,110,55.00000000000001,220.0,173,True,data\sensitivity\homogeneous_temporal_wiam_geometry\ac\ac_sens_grid_sigma_1.5_steps_1000_seed_3.json
AC,4,1.5,1000,109,54.50000000000001,218.0,149,True,data\sensitivity\homogeneous_temporal_wiam_geometry\ac\ac_sens_grid_sigma_1.5_steps_1000_seed_4.json
AC,5,1.5,1000,98,49.0,196.0,181,True,data\sensitivity\homogeneous_temporal_wiam_geometry\ac\ac_sens_grid_sigma_1.5_steps_1000_seed_5.json
AC,1,1.5,1500,121,60.5,242.0,207,True,data\sensitivity\homogeneous_temporal_wiam_geometry\ac\ac_sens_grid_sigma_1.5_steps_1500_seed_1.json
AC,2,1.5,1500,121,60.5,242.0,261,True,data\sensitivity\homogeneous_temporal_wiam_geometry\ac\ac_sens_grid_sigma_1.5_steps_1500_seed_2.json
AC,3,1.5,1500,133,66.5,266.0,232,True,data\sensitivity\homogeneous_temporal_wiam_geometry\ac\ac_sens_grid_sigma_1.5_steps_1500_seed_3.json
AC,4,1.5,1500,133,66.5,266.0,286,True,data\sensitivity\homogeneous_temporal_wiam_geometry\ac\ac_sens_grid_sigma_1.5_steps_1500_seed_4.json
AC,5,1.5,1500,121,60.5,242.0,260,True,data\sensitivity\homogeneous_temporal_wiam_geometry\ac\ac_sens_grid_sigma_1.5_steps_1500_seed_5.json
AC,1,1.5,2000,136,68.0,272.0,276,True,data\sensitivity\homogeneous_temporal_wiam_geometry\ac\ac_sens_grid_sigma_1.5_steps_2000_seed_1.json
AC,2,1.5,2000,140,70.0,280.0,337,True,data\sensitivity\homogeneous_temporal_wiam_geometry\ac\ac_sens_grid_sigma_1.5_steps_2000_seed_2.json
AC,3,1.5,2000,141,70.5,282.0,298,True,data\sensitivity\homogeneous_temporal_wiam_geometry\ac\ac_sens_grid_sigma_1.5_steps_2000_seed_3.json
AC,4,1.5,2000,144,72.0,288.0,362,True,data\sensitivity\homogeneous_temporal_wiam_geometry\ac\ac_sens_grid_sigma_1.5_steps_2000_seed_4.json
AC,5,1.5,2000,135,67.5,270.0,365,True,data\sensitivity\homogeneous_temporal_wiam_geometry\ac\ac_sens_grid_sigma_1.5_steps_2000_seed_5.json
AC,1,1.5,200,34,17.0,68.0,35,True,data\sensitivity\homogeneous_temporal_wiam_geometry\ac\ac_sens_grid_sigma_1.5_steps_200_seed_1.json
AC,2,1.5,200,38,19.0,76.0,46,True,data\sensitivity\homogeneous_temporal_wiam_geometry\ac\ac_sens_grid_sigma_1.5_steps_200_seed_2.json
AC,3,1.5,200,44,22.0,88.0,52,True,data\sensitivity\homogeneous_temporal_wiam_geometry\ac\ac_sens_grid_sigma_1.5_steps_200_seed_3.json
AC,4,1.5,200,50,25.0,100.0,53,True,data\sensitivity\homogeneous_temporal_wiam_geometry\ac\ac_sens_grid_sigma_1.5_steps_200_seed_4.json
AC,5,1.5,200,39,19.5,78.0,39,True,data\sensitivity\homogeneous_temporal_wiam_geometry\ac\ac_sens_grid_sigma_1.5_steps_200_seed_5.json
AC,1,1.5,400,64,32.0,128.0,73,True,data\sensitivity\homogeneous_temporal_wiam_geometry\ac\ac_sens_grid_sigma_1.5_steps_400_seed_1.json
AC,2,1.5,400,68,34.0,136.0,79,True,data\sensitivity\homogeneous_temporal_wiam_geometry\ac\ac_sens_grid_sigma_1.5_steps_400_seed_2.json
AC,3,1.5,400,68,34.0,136.0,84,True,data\sensitivity\homogeneous_temporal_wiam_geometry\ac\ac_sens_grid_sigma_1.5_steps_400_seed_3.json
AC,4,1.5,400,77,38.5,154.0,82,True,data\sensitivity\homogeneous_temporal_wiam_geometry\ac\ac_sens_grid_sigma_1.5_steps_400_seed_4.json
AC,5,1.5,400,58,28.999999999999996,115.99999999999999,74,True,data\sensitivity\homogeneous_temporal_wiam_geometry\ac\ac_sens_grid_sigma_1.5_steps_400_seed_5.json
AC,1,1.5,600,78,39.0,156.0,99,True,data\sensitivity\homogeneous_temporal_wiam_geometry\ac\ac_sens_grid_sigma_1.5_steps_600_seed_1.json
AC,2,1.5,600,83,41.5,166.0,105,True,data\sensitivity\homogeneous_temporal_wiam_geometry\ac\ac_sens_grid_sigma_1.5_steps_600_seed_2.json
AC,3,1.5,600,85,42.5,170.0,118,True,data\sensitivity\homogeneous_temporal_wiam_geometry\ac\ac_sens_grid_sigma_1.5_steps_600_seed_3.json
AC,4,1.5,600,83,41.5,166.0,96,True,data\sensitivity\homogeneous_temporal_wiam_geometry\ac\ac_sens_grid_sigma_1.5_steps_600_seed_4.json
AC,5,1.5,600,76,38.0,152.0,110,True,data\sensitivity\homogeneous_temporal_wiam_geometry\ac\ac_sens_grid_sigma_1.5_steps_600_seed_5.json
AC,1,1.5,800,88,44.0,176.0,117,True,data\sensitivity\homogeneous_temporal_wiam_geometry\ac\ac_sens_grid_sigma_1.5_steps_800_seed_1.json
AC,2,1.5,800,95,47.5,190.0,140,True,data\sensitivity\homogeneous_temporal_wiam_geometry\ac\ac_sens_grid_sigma_1.5_steps_800_seed_2.json
AC,3,1.5,800,100,50.0,200.0,160,True,data\sensitivity\homogeneous_temporal_wiam_geometry\ac\ac_sens_grid_sigma_1.5_steps_800_seed_3.json
AC,4,1.5,800,100,50.0,200.0,119,True,data\sensitivity\homogeneous_temporal_wiam_geometry\ac\ac_sens_grid_sigma_1.5_steps_800_seed_4.json
AC,5,1.5,800,87,43.5,174.0,129,True,data\sensitivity\homogeneous_temporal_wiam_geometry\ac\ac_sens_grid_sigma_1.5_steps_800_seed_5.json
AC,1,1.0,1000,70,35.0,140.0,79,True,data\sensitivity\homogeneous_temporal_wiam_geometry\ac\ac_sens_grid_sigma_1_steps_1000_seed_1.json
AC,2,1.0,1000,78,39.0,156.0,138,True,data\sensitivity\homogeneous_temporal_wiam_geometry\ac\ac_sens_grid_sigma_1_steps_1000_seed_2.json
AC,3,1.0,1000,75,37.5,150.0,140,True,data\sensitivity\homogeneous_temporal_wiam_geometry\ac\ac_sens_grid_sigma_1_steps_1000_seed_3.json
AC,4,1.0,1000,84,42.0,168.0,139,True,data\sensitivity\homogeneous_temporal_wiam_geometry\ac\ac_sens_grid_sigma_1_steps_1000_seed_4.json
AC,5,1.0,1000,82,41.0,164.0,88,True,data\sensitivity\homogeneous_temporal_wiam_geometry\ac\ac_sens_grid_sigma_1_steps_1000_seed_5.json
AC,1,1.0,1500,82,41.0,164.0,138,True,data\sensitivity\homogeneous_temporal_wiam_geometry\ac\ac_sens_grid_sigma_1_steps_1500_seed_1.json
AC,2,1.0,1500,102,51.0,204.0,187,True,data\sensitivity\homogeneous_temporal_wiam_geometry\ac\ac_sens_grid_sigma_1_steps_1500_seed_2.json
AC,3,1.0,1500,93,46.5,186.0,215,True,data\sensitivity\homogeneous_temporal_wiam_geometry\ac\ac_sens_grid_sigma_1_steps_1500_seed_3.json
AC,4,1.0,1500,96,48.0,192.0,216,True,data\sensitivity\homogeneous_temporal_wiam_geometry\ac\ac_sens_grid_sigma_1_steps_1500_seed_4.json
AC,5,1.0,1500,99,49.5,198.0,125,True,data\sensitivity\homogeneous_temporal_wiam_geometry\ac\ac_sens_grid_sigma_1_steps_1500_seed_5.json
AC,1,1.0,2000,96,48.0,192.0,172,True,data\sensitivity\homogeneous_temporal_wiam_geometry\ac\ac_sens_grid_sigma_1_steps_2000_seed_1.json
AC,2,1.0,2000,109,54.50000000000001,218.0,266,True,data\sensitivity\homogeneous_temporal_wiam_geometry\ac\ac_sens_grid_sigma_1_steps_2000_seed_2.json
AC,3,1.0,2000,102,51.0,204.0,280,True,data\sensitivity\homogeneous_temporal_wiam_geometry\ac\ac_sens_grid_sigma_1_steps_2000_seed_3.json
AC,4,1.0,2000,109,54.50000000000001,218.0,306,True,data\sensitivity\homogeneous_temporal_wiam_geometry\ac\ac_sens_grid_sigma_1_steps_2000_seed_4.json
AC,5,1.0,2000,111,55.50000000000001,222.00000000000003,163,True,data\sensitivity\homogeneous_temporal_wiam_geometry\ac\ac_sens_grid_sigma_1_steps_2000_seed_5.json
AC,1,1.0,200,26,13.0,52.0,26,True,data\sensitivity\homogeneous_temporal_wiam_geometry\ac\ac_sens_grid_sigma_1_steps_200_seed_1.json
AC,2,1.0,200,23,11.5,46.0,23,True,data\sensitivity\homogeneous_temporal_wiam_geometry\ac\ac_sens_grid_sigma_1_steps_200_seed_2.json
AC,3,1.0,200,23,11.5,46.0,23,True,data\sensitivity\homogeneous_temporal_wiam_geometry\ac\ac_sens_grid_sigma_1_steps_200_seed_3.json
AC,4,1.0,200,34,17.0,68.0,34,True,data\sensitivity\homogeneous_temporal_wiam_geometry\ac\ac_sens_grid_sigma_1_steps_200_seed_4.json
AC,5,1.0,200,26,13.0,52.0,26,True,data\sensitivity\homogeneous_temporal_wiam_geometry\ac\ac_sens_grid_sigma_1_steps_200_seed_5.json
AC,1,1.0,400,44,22.0,88.0,44,True,data\sensitivity\homogeneous_temporal_wiam_geometry\ac\ac_sens_grid_sigma_1_steps_400_seed_1.json
AC,2,1.0,400,45,22.5,90.0,55,True,data\sensitivity\homogeneous_temporal_wiam_geometry\ac\ac_sens_grid_sigma_1_steps_400_seed_2.json
AC,3,1.0,400,38,19.0,76.0,38,True,data\sensitivity\homogeneous_temporal_wiam_geometry\ac\ac_sens_grid_sigma_1_steps_400_seed_3.json
AC,4,1.0,400,55,27.500000000000004,110.0,59,True,data\sensitivity\homogeneous_temporal_wiam_geometry\ac\ac_sens_grid_sigma_1_steps_400_seed_4.json
AC,5,1.0,400,39,19.5,78.0,39,True,data\sensitivity\homogeneous_temporal_wiam_geometry\ac\ac_sens_grid_sigma_1_steps_400_seed_5.json
AC,1,1.0,600,55,27.500000000000004,110.0,58,True,data\sensitivity\homogeneous_temporal_wiam_geometry\ac\ac_sens_grid_sigma_1_steps_600_seed_1.json
AC,2,1.0,600,60,30.0,120.0,85,True,data\sensitivity\homogeneous_temporal_wiam_geometry\ac\ac_sens_grid_sigma_1_steps_600_seed_2.json
AC,3,1.0,600,53,26.5,106.0,53,True,data\sensitivity\homogeneous_temporal_wiam_geometry\ac\ac_sens_grid_sigma_1_steps_600_seed_3.json
AC,4,1.0,600,69,34.5,138.0,82,True,data\sensitivity\homogeneous_temporal_wiam_geometry\ac\ac_sens_grid_sigma_1_steps_600_seed_4.json
AC,5,1.0,600,57,28.499999999999996,114.00000000000001,58,True,data\sensitivity\homogeneous_temporal_wiam_geometry\ac\ac_sens_grid_sigma_1_steps_600_seed_5.json
AC,1,1.0,800,64,32.0,128.0,68,True,data\sensitivity\homogeneous_temporal_wiam_geometry\ac\ac_sens_grid_sigma_1_steps_800_seed_1.json
AC,2,1.0,800,70,35.0,140.0,110,True,data\sensitivity\homogeneous_temporal_wiam_geometry\ac\ac_sens_grid_sigma_1_steps_800_seed_2.json
AC,3,1.0,800,65,32.5,130.0,65,True,data\sensitivity\homogeneous_temporal_wiam_geometry\ac\ac_sens_grid_sigma_1_steps_800_seed_3.json
AC,4,1.0,800,79,39.5,158.0,110,True,data\sensitivity\homogeneous_temporal_wiam_geometry\ac\ac_sens_grid_sigma_1_steps_800_seed_4.json
AC,5,1.0,800,70,35.0,140.0,71,True,data\sensitivity\homogeneous_temporal_wiam_geometry\ac\ac_sens_grid_sigma_1_steps_800_seed_5.json
