material,seed,sigma_px,n_steps,p_ads,p_ads_effective,temperature_c,ph,m_mb_initial_mg,m_adsorbent_mg,volume_ml,c0_mg_l,n_adsorbed,n_free,percent_adsorbed,qfinal_mg_g,m_adsorbed_mg,m_free_mg,n_contacts,n_adsorption_events,contact_to_adsorption_efficiency,mass_conservation_ok,provenance_classification,json_path,series_csv
GO,1,1.5,2000,1.0,1.0,25.0,6.0,4.0,10.0,40.0,100.0,185,15,92.5,370.0,3.7,0.2999999999999998,614,185,0.30130293159609123,True,final_campaign_wiam_geometry_sigma1.5_P2000_Pads1,data\final_campaign\go\final_sigma_1.5_steps_2000_seed_1.json,data\final_campaign\go\final_sigma_1.5_steps_2000_seed_1.csv
GO,2,1.5,2000,1.0,1.0,25.0,6.0,4.0,10.0,40.0,100.0,186,14,93.0,372.0,3.72,0.2799999999999998,619,186,0.30048465266558966,True,final_campaign_wiam_geometry_sigma1.5_P2000_Pads1,data\final_campaign\go\final_sigma_1.5_steps_2000_seed_2.json,data\final_campaign\go\final_sigma_1.5_steps_2000_seed_2.csv
GO,3,1.5,2000,1.0,1.0,25.0,6.0,4.0,10.0,40.0,100.0,182,18,91.0,364.0,3.64,0.3599999999999999,564,182,0.32269503546099293,True,final_campaign_wiam_geometry_sigma1.5_P2000_Pads1,data\final_campaign\go\final_sigma_1.5_steps_2000_seed_3.json,data\final_campaign\go\final_sigma_1.5_steps_2000_seed_3.csv
GO,4,1.5,2000,1.0,1.0,25.0,6.0,4.0,10.0,40.0,100.0,187,13,93.5,374.0,3.74,0.2599999999999998,623,187,0.3001605136436597,True,final_campaign_wiam_geometry_sigma1.5_P2000_Pads1,data\final_campaign\go\final_sigma_1.5_steps_2000_seed_4.json,data\final_campaign\go\final_sigma_1.5_steps_2000_seed_4.csv
GO,5,1.5,2000,1.0,1.0,25.0,6.0,4.0,10.0,40.0,100.0,191,9,95.5,382.0,3.8200000000000003,0.17999999999999972,517,191,0.3694390715667311,True,final_campaign_wiam_geometry_sigma1.5_P2000_Pads1,data\final_campaign\go\final_sigma_1.5_steps_2000_seed_5.json,data\final_campaign\go\final_sigma_1.5_steps_2000_seed_5.csv
GO,6,1.5,2000,1.0,1.0,25.0,6.0,4.0,10.0,40.0,100.0,192,8,96.0,384.0,3.84,0.16000000000000014,521,192,0.3685220729366603,True,final_campaign_wiam_geometry_sigma1.5_P2000_Pads1,data\final_campaign\go\final_sigma_1.5_steps_2000_seed_6.json,data\final_campaign\go\final_sigma_1.5_steps_2000_seed_6.csv
GO,7,1.5,2000,1.0,1.0,25.0,6.0,4.0,10.0,40.0,100.0,192,8,96.0,384.0,3.84,0.16000000000000014,683,192,0.28111273792093705,True,final_campaign_wiam_geometry_sigma1.5_P2000_Pads1,data\final_campaign\go\final_sigma_1.5_steps_2000_seed_7.json,data\final_campaign\go\final_sigma_1.5_steps_2000_seed_7.csv
GO,8,1.5,2000,1.0,1.0,25.0,6.0,4.0,10.0,40.0,100.0,196,4,98.0,392.0,3.92,0.08000000000000007,621,196,0.31561996779388085,True,final_campaign_wiam_geometry_sigma1.5_P2000_Pads1,data\final_campaign\go\final_sigma_1.5_steps_2000_seed_8.json,data\final_campaign\go\final_sigma_1.5_steps_2000_seed_8.csv
GO,9,1.5,2000,1.0,1.0,25.0,6.0,4.0,10.0,40.0,100.0,190,10,95.0,380.0,3.8000000000000003,0.19999999999999973,495,190,0.3838383838383838,True,final_campaign_wiam_geometry_sigma1.5_P2000_Pads1,data\final_campaign\go\final_sigma_1.5_steps_2000_seed_9.json,data\final_campaign\go\final_sigma_1.5_steps_2000_seed_9.csv
GO,10,1.5,2000,1.0,1.0,25.0,6.0,4.0,10.0,40.0,100.0,190,10,95.0,380.0,3.8000000000000003,0.19999999999999973,528,190,0.35984848484848486,True,final_campaign_wiam_geometry_sigma1.5_P2000_Pads1,data\final_campaign\go\final_sigma_1.5_steps_2000_seed_10.json,data\final_campaign\go\final_sigma_1.5_steps_2000_seed_10.csv
GO,11,1.5,2000,1.0,1.0,25.0,6.0,4.0,10.0,40.0,100.0,193,7,96.5,386.0,3.86,0.14000000000000012,489,193,0.3946830265848671,True,final_campaign_wiam_geometry_sigma1.5_P2000_Pads1,data\final_campaign\go\final_sigma_1.5_steps_2000_seed_11.json,data\final_campaign\go\final_sigma_1.5_steps_2000_seed_11.csv
GO,12,1.5,2000,1.0,1.0,25.0,6.0,4.0,10.0,40.0,100.0,190,10,95.0,380.0,3.8000000000000003,0.19999999999999973,607,190,0.3130148270181219,True,final_campaign_wiam_geometry_sigma1.5_P2000_Pads1,data\final_campaign\go\final_sigma_1.5_steps_2000_seed_12.json,data\final_campaign\go\final_sigma_1.5_steps_2000_seed_12.csv
GO,13,1.5,2000,1.0,1.0,25.0,6.0,4.0,10.0,40.0,100.0,185,15,92.5,370.0,3.7,0.2999999999999998,741,185,0.2496626180836707,True,final_campaign_wiam_geometry_sigma1.5_P2000_Pads1,data\final_campaign\go\final_sigma_1.5_steps_2000_seed_13.json,data\final_campaign\go\final_sigma_1.5_steps_2000_seed_13.csv
GO,14,1.5,2000,1.0,1.0,25.0,6.0,4.0,10.0,40.0,100.0,186,14,93.0,372.0,3.72,0.2799999999999998,736,186,0.25271739130434784,True,final_campaign_wiam_geometry_sigma1.5_P2000_Pads1,data\final_campaign\go\final_sigma_1.5_steps_2000_seed_14.json,data\final_campaign\go\final_sigma_1.5_steps_2000_seed_14.csv
GO,15,1.5,2000,1.0,1.0,25.0,6.0,4.0,10.0,40.0,100.0,189,11,94.5,378.0,3.7800000000000002,0.21999999999999975,641,189,0.2948517940717629,True,final_campaign_wiam_geometry_sigma1.5_P2000_Pads1,data\final_campaign\go\final_sigma_1.5_steps_2000_seed_15.json,data\final_campaign\go\final_sigma_1.5_steps_2000_seed_15.csv
GO,16,1.5,2000,1.0,1.0,25.0,6.0,4.0,10.0,40.0,100.0,189,11,94.5,378.0,3.7800000000000002,0.21999999999999975,711,189,0.26582278481012656,True,final_campaign_wiam_geometry_sigma1.5_P2000_Pads1,data\final_campaign\go\final_sigma_1.5_steps_2000_seed_16.json,data\final_campaign\go\final_sigma_1.5_steps_2000_seed_16.csv
GO,17,1.5,2000,1.0,1.0,25.0,6.0,4.0,10.0,40.0,100.0,188,12,94.0,376.0,3.7600000000000002,0.23999999999999977,671,188,0.28017883755588674,True,final_campaign_wiam_geometry_sigma1.5_P2000_Pads1,data\final_campaign\go\final_sigma_1.5_steps_2000_seed_17.json,data\final_campaign\go\final_sigma_1.5_steps_2000_seed_17.csv
GO,18,1.5,2000,1.0,1.0,25.0,6.0,4.0,10.0,40.0,100.0,190,10,95.0,380.0,3.8000000000000003,0.19999999999999973,603,190,0.3150912106135987,True,final_campaign_wiam_geometry_sigma1.5_P2000_Pads1,data\final_campaign\go\final_sigma_1.5_steps_2000_seed_18.json,data\final_campaign\go\final_sigma_1.5_steps_2000_seed_18.csv
GO,19,1.5,2000,1.0,1.0,25.0,6.0,4.0,10.0,40.0,100.0,194,6,97.0,388.0,3.88,0.1200000000000001,652,194,0.29754601226993865,True,final_campaign_wiam_geometry_sigma1.5_P2000_Pads1,data\final_campaign\go\final_sigma_1.5_steps_2000_seed_19.json,data\final_campaign\go\final_sigma_1.5_steps_2000_seed_19.csv
GO,20,1.5,2000,1.0,1.0,25.0,6.0,4.0,10.0,40.0,100.0,194,6,97.0,388.0,3.88,0.1200000000000001,511,194,0.3796477495107632,True,final_campaign_wiam_geometry_sigma1.5_P2000_Pads1,data\final_campaign\go\final_sigma_1.5_steps_2000_seed_20.json,data\final_campaign\go\final_sigma_1.5_steps_2000_seed_20.csv
GO,21,1.5,2000,1.0,1.0,25.0,6.0,4.0,10.0,40.0,100.0,182,18,91.0,364.0,3.64,0.3599999999999999,489,182,0.3721881390593047,True,final_campaign_wiam_geometry_sigma1.5_P2000_Pads1,data\final_campaign\go\final_sigma_1.5_steps_2000_seed_21.json,data\final_campaign\go\final_sigma_1.5_steps_2000_seed_21.csv
GO,22,1.5,2000,1.0,1.0,25.0,6.0,4.0,10.0,40.0,100.0,187,13,93.5,374.0,3.74,0.2599999999999998,594,187,0.3148148148148148,True,final_campaign_wiam_geometry_sigma1.5_P2000_Pads1,data\final_campaign\go\final_sigma_1.5_steps_2000_seed_22.json,data\final_campaign\go\final_sigma_1.5_steps_2000_seed_22.csv
GO,23,1.5,2000,1.0,1.0,25.0,6.0,4.0,10.0,40.0,100.0,184,16,92.0,368.0,3.68,0.31999999999999984,461,184,0.39913232104121477,True,final_campaign_wiam_geometry_sigma1.5_P2000_Pads1,data\final_campaign\go\final_sigma_1.5_steps_2000_seed_23.json,data\final_campaign\go\final_sigma_1.5_steps_2000_seed_23.csv
GO,24,1.5,2000,1.0,1.0,25.0,6.0,4.0,10.0,40.0,100.0,191,9,95.5,382.0,3.8200000000000003,0.17999999999999972,562,191,0.3398576512455516,True,final_campaign_wiam_geometry_sigma1.5_P2000_Pads1,data\final_campaign\go\final_sigma_1.5_steps_2000_seed_24.json,data\final_campaign\go\final_sigma_1.5_steps_2000_seed_24.csv
GO,25,1.5,2000,1.0,1.0,25.0,6.0,4.0,10.0,40.0,100.0,186,14,93.0,372.0,3.72,0.2799999999999998,680,186,0.2735294117647059,True,final_campaign_wiam_geometry_sigma1.5_P2000_Pads1,data\final_campaign\go\final_sigma_1.5_steps_2000_seed_25.json,data\final_campaign\go\final_sigma_1.5_steps_2000_seed_25.csv
GO,26,1.5,2000,1.0,1.0,25.0,6.0,4.0,10.0,40.0,100.0,193,7,96.5,386.0,3.86,0.14000000000000012,652,193,0.2960122699386503,True,final_campaign_wiam_geometry_sigma1.5_P2000_Pads1,data\final_campaign\go\final_sigma_1.5_steps_2000_seed_26.json,data\final_campaign\go\final_sigma_1.5_steps_2000_seed_26.csv
GO,27,1.5,2000,1.0,1.0,25.0,6.0,4.0,10.0,40.0,100.0,186,14,93.0,372.0,3.72,0.2799999999999998,596,186,0.31208053691275167,True,final_campaign_wiam_geometry_sigma1.5_P2000_Pads1,data\final_campaign\go\final_sigma_1.5_steps_2000_seed_27.json,data\final_campaign\go\final_sigma_1.5_steps_2000_seed_27.csv
GO,28,1.5,2000,1.0,1.0,25.0,6.0,4.0,10.0,40.0,100.0,190,10,95.0,380.0,3.8000000000000003,0.19999999999999973,422,190,0.45023696682464454,True,final_campaign_wiam_geometry_sigma1.5_P2000_Pads1,data\final_campaign\go\final_sigma_1.5_steps_2000_seed_28.json,data\final_campaign\go\final_sigma_1.5_steps_2000_seed_28.csv
GO,29,1.5,2000,1.0,1.0,25.0,6.0,4.0,10.0,40.0,100.0,188,12,94.0,376.0,3.7600000000000002,0.23999999999999977,613,188,0.3066884176182708,True,final_campaign_wiam_geometry_sigma1.5_P2000_Pads1,data\final_campaign\go\final_sigma_1.5_steps_2000_seed_29.json,data\final_campaign\go\final_sigma_1.5_steps_2000_seed_29.csv
GO,30,1.5,2000,1.0,1.0,25.0,6.0,4.0,10.0,40.0,100.0,185,15,92.5,370.0,3.7,0.2999999999999998,779,185,0.2374839537869063,True,final_campaign_wiam_geometry_sigma1.5_P2000_Pads1,data\final_campaign\go\final_sigma_1.5_steps_2000_seed_30.json,data\final_campaign\go\final_sigma_1.5_steps_2000_seed_30.csv
GO,31,1.5,2000,1.0,1.0,25.0,6.0,4.0,10.0,40.0,100.0,190,10,95.0,380.0,3.8000000000000003,0.19999999999999973,694,190,0.2737752161383285,True,final_campaign_wiam_geometry_sigma1.5_P2000_Pads1,data\final_campaign\go\final_sigma_1.5_steps_2000_seed_31.json,data\final_campaign\go\final_sigma_1.5_steps_2000_seed_31.csv
GO,32,1.5,2000,1.0,1.0,25.0,6.0,4.0,10.0,40.0,100.0,189,11,94.5,378.0,3.7800000000000002,0.21999999999999975,569,189,0.3321616871704745,True,final_campaign_wiam_geometry_sigma1.5_P2000_Pads1,data\final_campaign\go\final_sigma_1.5_steps_2000_seed_32.json,data\final_campaign\go\final_sigma_1.5_steps_2000_seed_32.csv
GO,33,1.5,2000,1.0,1.0,25.0,6.0,4.0,10.0,40.0,100.0,187,13,93.5,374.0,3.74,0.2599999999999998,499,187,0.374749498997996,True,final_campaign_wiam_geometry_sigma1.5_P2000_Pads1,data\final_campaign\go\final_sigma_1.5_steps_2000_seed_33.json,data\final_campaign\go\final_sigma_1.5_steps_2000_seed_33.csv
GO,34,1.5,2000,1.0,1.0,25.0,6.0,4.0,10.0,40.0,100.0,185,15,92.5,370.0,3.7,0.2999999999999998,560,185,0.33035714285714285,True,final_campaign_wiam_geometry_sigma1.5_P2000_Pads1,data\final_campaign\go\final_sigma_1.5_steps_2000_seed_34.json,data\final_campaign\go\final_sigma_1.5_steps_2000_seed_34.csv
GO,35,1.5,2000,1.0,1.0,25.0,6.0,4.0,10.0,40.0,100.0,187,13,93.5,374.0,3.74,0.2599999999999998,610,187,0.30655737704918035,True,final_campaign_wiam_geometry_sigma1.5_P2000_Pads1,data\final_campaign\go\final_sigma_1.5_steps_2000_seed_35.json,data\final_campaign\go\final_sigma_1.5_steps_2000_seed_35.csv
GO,36,1.5,2000,1.0,1.0,25.0,6.0,4.0,10.0,40.0,100.0,171,29,85.5,342.0,3.42,0.5800000000000001,666,171,0.25675675675675674,True,final_campaign_wiam_geometry_sigma1.5_P2000_Pads1,data\final_campaign\go\final_sigma_1.5_steps_2000_seed_36.json,data\final_campaign\go\final_sigma_1.5_steps_2000_seed_36.csv
GO,37,1.5,2000,1.0,1.0,25.0,6.0,4.0,10.0,40.0,100.0,185,15,92.5,370.0,3.7,0.2999999999999998,483,185,0.3830227743271222,True,final_campaign_wiam_geometry_sigma1.5_P2000_Pads1,data\final_campaign\go\final_sigma_1.5_steps_2000_seed_37.json,data\final_campaign\go\final_sigma_1.5_steps_2000_seed_37.csv
GO,38,1.5,2000,1.0,1.0,25.0,6.0,4.0,10.0,40.0,100.0,178,22,89.0,356.0,3.56,0.43999999999999995,811,178,0.21948212083847102,True,final_campaign_wiam_geometry_sigma1.5_P2000_Pads1,data\final_campaign\go\final_sigma_1.5_steps_2000_seed_38.json,data\final_campaign\go\final_sigma_1.5_steps_2000_seed_38.csv
GO,39,1.5,2000,1.0,1.0,25.0,6.0,4.0,10.0,40.0,100.0,179,21,89.5,358.0,3.58,0.41999999999999993,661,179,0.2708018154311649,True,final_campaign_wiam_geometry_sigma1.5_P2000_Pads1,data\final_campaign\go\final_sigma_1.5_steps_2000_seed_39.json,data\final_campaign\go\final_sigma_1.5_steps_2000_seed_39.csv
GO,40,1.5,2000,1.0,1.0,25.0,6.0,4.0,10.0,40.0,100.0,186,14,93.0,372.0,3.72,0.2799999999999998,678,186,0.2743362831858407,True,final_campaign_wiam_geometry_sigma1.5_P2000_Pads1,data\final_campaign\go\final_sigma_1.5_steps_2000_seed_40.json,data\final_campaign\go\final_sigma_1.5_steps_2000_seed_40.csv
AC,1,1.5,2000,1.0,1.0,25.0,6.0,4.0,10.0,40.0,100.0,136,64,68.0,272.0,2.72,1.2799999999999998,276,136,0.4927536231884058,True,final_campaign_wiam_geometry_sigma1.5_P2000_Pads1,data\final_campaign\ac\ac_final_sigma_1.5_steps_2000_seed_1.json,data\final_campaign\ac\ac_final_sigma_1.5_steps_2000_seed_1.csv
AC,2,1.5,2000,1.0,1.0,25.0,6.0,4.0,10.0,40.0,100.0,140,60,70.0,280.0,2.8000000000000003,1.1999999999999997,337,140,0.41543026706231456,True,final_campaign_wiam_geometry_sigma1.5_P2000_Pads1,data\final_campaign\ac\ac_final_sigma_1.5_steps_2000_seed_2.json,data\final_campaign\ac\ac_final_sigma_1.5_steps_2000_seed_2.csv
AC,3,1.5,2000,1.0,1.0,25.0,6.0,4.0,10.0,40.0,100.0,141,59,70.5,282.0,2.82,1.1800000000000002,298,141,0.47315436241610737,True,final_campaign_wiam_geometry_sigma1.5_P2000_Pads1,data\final_campaign\ac\ac_final_sigma_1.5_steps_2000_seed_3.json,data\final_campaign\ac\ac_final_sigma_1.5_steps_2000_seed_3.csv
AC,4,1.5,2000,1.0,1.0,25.0,6.0,4.0,10.0,40.0,100.0,144,56,72.0,288.0,2.88,1.12,362,144,0.39779005524861877,True,final_campaign_wiam_geometry_sigma1.5_P2000_Pads1,data\final_campaign\ac\ac_final_sigma_1.5_steps_2000_seed_4.json,data\final_campaign\ac\ac_final_sigma_1.5_steps_2000_seed_4.csv
AC,5,1.5,2000,1.0,1.0,25.0,6.0,4.0,10.0,40.0,100.0,135,65,67.5,270.0,2.7,1.2999999999999998,365,135,0.3698630136986301,True,final_campaign_wiam_geometry_sigma1.5_P2000_Pads1,data\final_campaign\ac\ac_final_sigma_1.5_steps_2000_seed_5.json,data\final_campaign\ac\ac_final_sigma_1.5_steps_2000_seed_5.csv
AC,6,1.5,2000,1.0,1.0,25.0,6.0,4.0,10.0,40.0,100.0,132,68,66.0,264.0,2.64,1.3599999999999999,284,132,0.4647887323943662,True,final_campaign_wiam_geometry_sigma1.5_P2000_Pads1,data\final_campaign\ac\ac_final_sigma_1.5_steps_2000_seed_6.json,data\final_campaign\ac\ac_final_sigma_1.5_steps_2000_seed_6.csv
AC,7,1.5,2000,1.0,1.0,25.0,6.0,4.0,10.0,40.0,100.0,131,69,65.5,262.0,2.62,1.38,361,131,0.3628808864265928,True,final_campaign_wiam_geometry_sigma1.5_P2000_Pads1,data\final_campaign\ac\ac_final_sigma_1.5_steps_2000_seed_7.json,data\final_campaign\ac\ac_final_sigma_1.5_steps_2000_seed_7.csv
AC,8,1.5,2000,1.0,1.0,25.0,6.0,4.0,10.0,40.0,100.0,130,70,65.0,260.0,2.6,1.4,289,130,0.44982698961937717,True,final_campaign_wiam_geometry_sigma1.5_P2000_Pads1,data\final_campaign\ac\ac_final_sigma_1.5_steps_2000_seed_8.json,data\final_campaign\ac\ac_final_sigma_1.5_steps_2000_seed_8.csv
AC,9,1.5,2000,1.0,1.0,25.0,6.0,4.0,10.0,40.0,100.0,136,64,68.0,272.0,2.72,1.2799999999999998,355,136,0.38309859154929576,True,final_campaign_wiam_geometry_sigma1.5_P2000_Pads1,data\final_campaign\ac\ac_final_sigma_1.5_steps_2000_seed_9.json,data\final_campaign\ac\ac_final_sigma_1.5_steps_2000_seed_9.csv
AC,10,1.5,2000,1.0,1.0,25.0,6.0,4.0,10.0,40.0,100.0,137,63,68.5,274.0,2.74,1.2599999999999998,395,137,0.3468354430379747,True,final_campaign_wiam_geometry_sigma1.5_P2000_Pads1,data\final_campaign\ac\ac_final_sigma_1.5_steps_2000_seed_10.json,data\final_campaign\ac\ac_final_sigma_1.5_steps_2000_seed_10.csv
AC,11,1.5,2000,1.0,1.0,25.0,6.0,4.0,10.0,40.0,100.0,128,72,64.0,256.0,2.56,1.44,297,128,0.43097643097643096,True,final_campaign_wiam_geometry_sigma1.5_P2000_Pads1,data\final_campaign\ac\ac_final_sigma_1.5_steps_2000_seed_11.json,data\final_campaign\ac\ac_final_sigma_1.5_steps_2000_seed_11.csv
AC,12,1.5,2000,1.0,1.0,25.0,6.0,4.0,10.0,40.0,100.0,128,72,64.0,256.0,2.56,1.44,282,128,0.45390070921985815,True,final_campaign_wiam_geometry_sigma1.5_P2000_Pads1,data\final_campaign\ac\ac_final_sigma_1.5_steps_2000_seed_12.json,data\final_campaign\ac\ac_final_sigma_1.5_steps_2000_seed_12.csv
AC,13,1.5,2000,1.0,1.0,25.0,6.0,4.0,10.0,40.0,100.0,135,65,67.5,270.0,2.7,1.2999999999999998,300,135,0.45,True,final_campaign_wiam_geometry_sigma1.5_P2000_Pads1,data\final_campaign\ac\ac_final_sigma_1.5_steps_2000_seed_13.json,data\final_campaign\ac\ac_final_sigma_1.5_steps_2000_seed_13.csv
AC,14,1.5,2000,1.0,1.0,25.0,6.0,4.0,10.0,40.0,100.0,127,73,63.5,254.0,2.54,1.46,338,127,0.3757396449704142,True,final_campaign_wiam_geometry_sigma1.5_P2000_Pads1,data\final_campaign\ac\ac_final_sigma_1.5_steps_2000_seed_14.json,data\final_campaign\ac\ac_final_sigma_1.5_steps_2000_seed_14.csv
AC,15,1.5,2000,1.0,1.0,25.0,6.0,4.0,10.0,40.0,100.0,144,56,72.0,288.0,2.88,1.12,352,144,0.4090909090909091,True,final_campaign_wiam_geometry_sigma1.5_P2000_Pads1,data\final_campaign\ac\ac_final_sigma_1.5_steps_2000_seed_15.json,data\final_campaign\ac\ac_final_sigma_1.5_steps_2000_seed_15.csv
AC,16,1.5,2000,1.0,1.0,25.0,6.0,4.0,10.0,40.0,100.0,127,73,63.5,254.0,2.54,1.46,340,127,0.3735294117647059,True,final_campaign_wiam_geometry_sigma1.5_P2000_Pads1,data\final_campaign\ac\ac_final_sigma_1.5_steps_2000_seed_16.json,data\final_campaign\ac\ac_final_sigma_1.5_steps_2000_seed_16.csv
AC,17,1.5,2000,1.0,1.0,25.0,6.0,4.0,10.0,40.0,100.0,133,67,66.5,266.0,2.66,1.3399999999999999,271,133,0.4907749077490775,True,final_campaign_wiam_geometry_sigma1.5_P2000_Pads1,data\final_campaign\ac\ac_final_sigma_1.5_steps_2000_seed_17.json,data\final_campaign\ac\ac_final_sigma_1.5_steps_2000_seed_17.csv
AC,18,1.5,2000,1.0,1.0,25.0,6.0,4.0,10.0,40.0,100.0,134,66,67.0,268.0,2.68,1.3199999999999998,308,134,0.43506493506493504,True,final_campaign_wiam_geometry_sigma1.5_P2000_Pads1,data\final_campaign\ac\ac_final_sigma_1.5_steps_2000_seed_18.json,data\final_campaign\ac\ac_final_sigma_1.5_steps_2000_seed_18.csv
AC,19,1.5,2000,1.0,1.0,25.0,6.0,4.0,10.0,40.0,100.0,131,69,65.5,262.0,2.62,1.38,350,131,0.3742857142857143,True,final_campaign_wiam_geometry_sigma1.5_P2000_Pads1,data\final_campaign\ac\ac_final_sigma_1.5_steps_2000_seed_19.json,data\final_campaign\ac\ac_final_sigma_1.5_steps_2000_seed_19.csv
AC,20,1.5,2000,1.0,1.0,25.0,6.0,4.0,10.0,40.0,100.0,132,68,66.0,264.0,2.64,1.3599999999999999,274,132,0.48175182481751827,True,final_campaign_wiam_geometry_sigma1.5_P2000_Pads1,data\final_campaign\ac\ac_final_sigma_1.5_steps_2000_seed_20.json,data\final_campaign\ac\ac_final_sigma_1.5_steps_2000_seed_20.csv
AC,21,1.5,2000,1.0,1.0,25.0,6.0,4.0,10.0,40.0,100.0,129,71,64.5,258.0,2.58,1.42,328,129,0.3932926829268293,True,final_campaign_wiam_geometry_sigma1.5_P2000_Pads1,data\final_campaign\ac\ac_final_sigma_1.5_steps_2000_seed_21.json,data\final_campaign\ac\ac_final_sigma_1.5_steps_2000_seed_21.csv
AC,22,1.5,2000,1.0,1.0,25.0,6.0,4.0,10.0,40.0,100.0,134,66,67.0,268.0,2.68,1.3199999999999998,361,134,0.37119113573407203,True,final_campaign_wiam_geometry_sigma1.5_P2000_Pads1,data\final_campaign\ac\ac_final_sigma_1.5_steps_2000_seed_22.json,data\final_campaign\ac\ac_final_sigma_1.5_steps_2000_seed_22.csv
AC,23,1.5,2000,1.0,1.0,25.0,6.0,4.0,10.0,40.0,100.0,128,72,64.0,256.0,2.56,1.44,334,128,0.38323353293413176,True,final_campaign_wiam_geometry_sigma1.5_P2000_Pads1,data\final_campaign\ac\ac_final_sigma_1.5_steps_2000_seed_23.json,data\final_campaign\ac\ac_final_sigma_1.5_steps_2000_seed_23.csv
AC,24,1.5,2000,1.0,1.0,25.0,6.0,4.0,10.0,40.0,100.0,140,60,70.0,280.0,2.8000000000000003,1.1999999999999997,330,140,0.42424242424242425,True,final_campaign_wiam_geometry_sigma1.5_P2000_Pads1,data\final_campaign\ac\ac_final_sigma_1.5_steps_2000_seed_24.json,data\final_campaign\ac\ac_final_sigma_1.5_steps_2000_seed_24.csv
AC,25,1.5,2000,1.0,1.0,25.0,6.0,4.0,10.0,40.0,100.0,125,75,62.5,250.0,2.5,1.5,366,125,0.34153005464480873,True,final_campaign_wiam_geometry_sigma1.5_P2000_Pads1,data\final_campaign\ac\ac_final_sigma_1.5_steps_2000_seed_25.json,data\final_campaign\ac\ac_final_sigma_1.5_steps_2000_seed_25.csv
AC,26,1.5,2000,1.0,1.0,25.0,6.0,4.0,10.0,40.0,100.0,143,57,71.5,286.0,2.86,1.1400000000000001,259,143,0.5521235521235521,True,final_campaign_wiam_geometry_sigma1.5_P2000_Pads1,data\final_campaign\ac\ac_final_sigma_1.5_steps_2000_seed_26.json,data\final_campaign\ac\ac_final_sigma_1.5_steps_2000_seed_26.csv
AC,27,1.5,2000,1.0,1.0,25.0,6.0,4.0,10.0,40.0,100.0,133,67,66.5,266.0,2.66,1.3399999999999999,361,133,0.3684210526315789,True,final_campaign_wiam_geometry_sigma1.5_P2000_Pads1,data\final_campaign\ac\ac_final_sigma_1.5_steps_2000_seed_27.json,data\final_campaign\ac\ac_final_sigma_1.5_steps_2000_seed_27.csv
AC,28,1.5,2000,1.0,1.0,25.0,6.0,4.0,10.0,40.0,100.0,138,62,69.0,276.0,2.7600000000000002,1.2399999999999998,345,138,0.4,True,final_campaign_wiam_geometry_sigma1.5_P2000_Pads1,data\final_campaign\ac\ac_final_sigma_1.5_steps_2000_seed_28.json,data\final_campaign\ac\ac_final_sigma_1.5_steps_2000_seed_28.csv
AC,29,1.5,2000,1.0,1.0,25.0,6.0,4.0,10.0,40.0,100.0,128,72,64.0,256.0,2.56,1.44,418,128,0.3062200956937799,True,final_campaign_wiam_geometry_sigma1.5_P2000_Pads1,data\final_campaign\ac\ac_final_sigma_1.5_steps_2000_seed_29.json,data\final_campaign\ac\ac_final_sigma_1.5_steps_2000_seed_29.csv
AC,30,1.5,2000,1.0,1.0,25.0,6.0,4.0,10.0,40.0,100.0,120,80,60.0,240.0,2.4,1.6,275,120,0.43636363636363634,True,final_campaign_wiam_geometry_sigma1.5_P2000_Pads1,data\final_campaign\ac\ac_final_sigma_1.5_steps_2000_seed_30.json,data\final_campaign\ac\ac_final_sigma_1.5_steps_2000_seed_30.csv
AC,31,1.5,2000,1.0,1.0,25.0,6.0,4.0,10.0,40.0,100.0,135,65,67.5,270.0,2.7,1.2999999999999998,302,135,0.4470198675496689,True,final_campaign_wiam_geometry_sigma1.5_P2000_Pads1,data\final_campaign\ac\ac_final_sigma_1.5_steps_2000_seed_31.json,data\final_campaign\ac\ac_final_sigma_1.5_steps_2000_seed_31.csv
AC,32,1.5,2000,1.0,1.0,25.0,6.0,4.0,10.0,40.0,100.0,132,68,66.0,264.0,2.64,1.3599999999999999,296,132,0.44594594594594594,True,final_campaign_wiam_geometry_sigma1.5_P2000_Pads1,data\final_campaign\ac\ac_final_sigma_1.5_steps_2000_seed_32.json,data\final_campaign\ac\ac_final_sigma_1.5_steps_2000_seed_32.csv
AC,33,1.5,2000,1.0,1.0,25.0,6.0,4.0,10.0,40.0,100.0,131,69,65.5,262.0,2.62,1.38,292,131,0.4486301369863014,True,final_campaign_wiam_geometry_sigma1.5_P2000_Pads1,data\final_campaign\ac\ac_final_sigma_1.5_steps_2000_seed_33.json,data\final_campaign\ac\ac_final_sigma_1.5_steps_2000_seed_33.csv
AC,34,1.5,2000,1.0,1.0,25.0,6.0,4.0,10.0,40.0,100.0,138,62,69.0,276.0,2.7600000000000002,1.2399999999999998,240,138,0.575,True,final_campaign_wiam_geometry_sigma1.5_P2000_Pads1,data\final_campaign\ac\ac_final_sigma_1.5_steps_2000_seed_34.json,data\final_campaign\ac\ac_final_sigma_1.5_steps_2000_seed_34.csv
AC,35,1.5,2000,1.0,1.0,25.0,6.0,4.0,10.0,40.0,100.0,136,64,68.0,272.0,2.72,1.2799999999999998,307,136,0.44299674267100975,True,final_campaign_wiam_geometry_sigma1.5_P2000_Pads1,data\final_campaign\ac\ac_final_sigma_1.5_steps_2000_seed_35.json,data\final_campaign\ac\ac_final_sigma_1.5_steps_2000_seed_35.csv
AC,36,1.5,2000,1.0,1.0,25.0,6.0,4.0,10.0,40.0,100.0,129,71,64.5,258.0,2.58,1.42,322,129,0.40062111801242234,True,final_campaign_wiam_geometry_sigma1.5_P2000_Pads1,data\final_campaign\ac\ac_final_sigma_1.5_steps_2000_seed_36.json,data\final_campaign\ac\ac_final_sigma_1.5_steps_2000_seed_36.csv
AC,37,1.5,2000,1.0,1.0,25.0,6.0,4.0,10.0,40.0,100.0,138,62,69.0,276.0,2.7600000000000002,1.2399999999999998,363,138,0.38016528925619836,True,final_campaign_wiam_geometry_sigma1.5_P2000_Pads1,data\final_campaign\ac\ac_final_sigma_1.5_steps_2000_seed_37.json,data\final_campaign\ac\ac_final_sigma_1.5_steps_2000_seed_37.csv
AC,38,1.5,2000,1.0,1.0,25.0,6.0,4.0,10.0,40.0,100.0,133,67,66.5,266.0,2.66,1.3399999999999999,290,133,0.4586206896551724,True,final_campaign_wiam_geometry_sigma1.5_P2000_Pads1,data\final_campaign\ac\ac_final_sigma_1.5_steps_2000_seed_38.json,data\final_campaign\ac\ac_final_sigma_1.5_steps_2000_seed_38.csv
AC,39,1.5,2000,1.0,1.0,25.0,6.0,4.0,10.0,40.0,100.0,134,66,67.0,268.0,2.68,1.3199999999999998,290,134,0.46206896551724136,True,final_campaign_wiam_geometry_sigma1.5_P2000_Pads1,data\final_campaign\ac\ac_final_sigma_1.5_steps_2000_seed_39.json,data\final_campaign\ac\ac_final_sigma_1.5_steps_2000_seed_39.csv
AC,40,1.5,2000,1.0,1.0,25.0,6.0,4.0,10.0,40.0,100.0,122,78,61.0,244.0,2.44,1.56,319,122,0.3824451410658307,True,final_campaign_wiam_geometry_sigma1.5_P2000_Pads1,data\final_campaign\ac\ac_final_sigma_1.5_steps_2000_seed_40.json,data\final_campaign\ac\ac_final_sigma_1.5_steps_2000_seed_40.csv
