step,n_adsorbed,n_free,percent_adsorbed,m_adsorbed_mg,m_free_mg,c_pdf_mg_l,c_remaining_mg_l,qt_mg_g,percent_qmax,n_contacts,dqt_per_step
0,0,200,0.0,0.0,4.0,0.0,100.0,0.0,0.0,0,0.0
1,1,199,0.5,0.02,3.98,0.5,99.5,2.0,0.2615404733882568,1,2.0
2,2,198,1.0,0.04,3.96,1.0,99.0,4.0,0.5230809467765136,2,2.0
3,4,196,2.0,0.08,3.92,2.0,98.0,8.0,1.0461618935530272,4,4.0
4,4,196,2.0,0.08,3.92,2.0,98.0,8.0,1.0461618935530272,4,0.0
5,4,196,2.0,0.08,3.92,2.0,98.0,8.0,1.0461618935530272,4,0.0
6,4,196,2.0,0.08,3.92,2.0,98.0,8.0,1.0461618935530272,4,0.0
7,4,196,2.0,0.08,3.92,2.0,98.0,8.0,1.0461618935530272,4,0.0
8,4,196,2.0,0.08,3.92,2.0,98.0,8.0,1.0461618935530272,4,0.0
9,5,195,2.5,0.1,3.9,2.5,97.5,10.0,1.3077023669412842,5,2.0
10,6,194,3.0,0.12,3.88,3.0,97.0,12.0,1.5692428403295409,6,2.0
11,7,193,3.5000000000000004,0.14,3.86,3.5000000000000004,96.5,14.000000000000002,1.830783313717798,7,2.0000000000000018
12,7,193,3.5000000000000004,0.14,3.86,3.5000000000000004,96.5,14.000000000000002,1.830783313717798,7,0.0
13,7,193,3.5000000000000004,0.14,3.86,3.5000000000000004,96.5,14.000000000000002,1.830783313717798,7,0.0
14,7,193,3.5000000000000004,0.14,3.86,3.5000000000000004,96.5,14.000000000000002,1.830783313717798,7,0.0
15,7,193,3.5000000000000004,0.14,3.86,3.5000000000000004,96.5,14.000000000000002,1.830783313717798,7,0.0
16,7,193,3.5000000000000004,0.14,3.86,3.5000000000000004,96.5,14.000000000000002,1.830783313717798,7,0.0
17,7,193,3.5000000000000004,0.14,3.86,3.5000000000000004,96.5,14.000000000000002,1.830783313717798,7,0.0
18,7,193,3.5000000000000004,0.14,3.86,3.5000000000000004,96.5,14.000000000000002,1.830783313717798,7,0.0
19,8,192,4.0,0.16,3.84,4.0,96.0,16.0,2.0923237871060545,8,1.9999999999999982
20,9,191,4.5,0.18,3.82,4.5,95.5,18.0,2.3538642604943116,9,2.0
21,9,191,4.5,0.18,3.82,4.5,95.5,18.0,2.3538642604943116,9,0.0
22,9,191,4.5,0.18,3.82,4.5,95.5,18.0,2.3538642604943116,9,0.0
23,9,191,4.5,0.18,3.82,4.5,95.5,18.0,2.3538642604943116,9,0.0
24,9,191,4.5,0.18,3.82,4.5,95.5,18.0,2.3538642604943116,9,0.0
25,10,190,5.0,0.2,3.8,5.0,95.0,20.0,2.6154047338825683,10,2.0
26,11,189,5.5,0.22,3.78,5.5,94.5,22.0,2.876945207270825,11,2.0
27,12,188,6.0,0.24,3.76,6.0,93.99999999999999,24.0,3.1384856806590817,12,2.0
28,12,188,6.0,0.24,3.76,6.0,93.99999999999999,24.0,3.1384856806590817,12,0.0
29,12,188,6.0,0.24,3.76,6.0,93.99999999999999,24.0,3.1384856806590817,12,0.0
30,12,188,6.0,0.24,3.76,6.0,93.99999999999999,24.0,3.1384856806590817,12,0.0
31,13,187,6.5,0.26,3.74,6.5,93.5,26.0,3.4000261540473384,13,2.0
32,13,187,6.5,0.26,3.74,6.5,93.5,26.0,3.4000261540473384,13,0.0
33,13,187,6.5,0.26,3.74,6.5,93.5,26.0,3.4000261540473384,13,0.0
34,14,186,7.000000000000001,0.28,3.7199999999999998,7.000000000000001,92.99999999999999,28.000000000000004,3.661566627435596,14,2.0000000000000036
35,14,186,7.000000000000001,0.28,3.7199999999999998,7.000000000000001,92.99999999999999,28.000000000000004,3.661566627435596,14,0.0
36,14,186,7.000000000000001,0.28,3.7199999999999998,7.000000000000001,92.99999999999999,28.000000000000004,3.661566627435596,14,0.0
37,15,185,7.5,0.3,3.7,7.5,92.5,30.0,3.923107100823852,15,1.9999999999999964
38,16,184,8.0,0.32,3.68,8.0,92.0,32.0,4.184647574212109,16,2.0
39,16,184,8.0,0.32,3.68,8.0,92.0,32.0,4.184647574212109,16,0.0
40,16,184,8.0,0.32,3.68,8.0,92.0,32.0,4.184647574212109,16,0.0
41,16,184,8.0,0.32,3.68,8.0,92.0,32.0,4.184647574212109,16,0.0
42,18,182,9.0,0.36,3.64,9.0,91.0,36.0,4.707728520988623,18,4.0
43,18,182,9.0,0.36,3.64,9.0,91.0,36.0,4.707728520988623,18,0.0
44,18,182,9.0,0.36,3.64,9.0,91.0,36.0,4.707728520988623,18,0.0
45,19,181,9.5,0.38,3.62,9.5,90.5,38.0,4.96926899437688,19,2.0
46,19,181,9.5,0.38,3.62,9.5,90.5,38.0,4.96926899437688,19,0.0
47,20,180,10.0,0.4,3.6,10.0,90.0,40.0,5.230809467765137,20,2.0
48,20,180,10.0,0.4,3.6,10.0,90.0,40.0,5.230809467765137,20,0.0
49,21,179,10.5,0.42,3.58,10.5,89.5,42.0,5.492349941153393,21,2.0
50,21,179,10.5,0.42,3.58,10.5,89.5,42.0,5.492349941153393,21,0.0
51,22,178,11.0,0.44,3.56,11.0,89.0,44.0,5.75389041454165,22,2.0
52,22,178,11.0,0.44,3.56,11.0,89.0,44.0,5.75389041454165,22,0.0
53,22,178,11.0,0.44,3.56,11.0,89.0,44.0,5.75389041454165,22,0.0
54,22,178,11.0,0.44,3.56,11.0,89.0,44.0,5.75389041454165,22,0.0
55,22,178,11.0,0.44,3.56,11.0,89.0,44.0,5.75389041454165,22,0.0
56,22,178,11.0,0.44,3.56,11.0,89.0,44.0,5.75389041454165,22,0.0
57,23,177,11.5,0.46,3.54,11.5,88.5,46.0,6.015430887929907,23,2.0
58,23,177,11.5,0.46,3.54,11.5,88.5,46.0,6.015430887929907,23,0.0
59,25,175,12.5,0.5,3.5,12.5,87.5,50.0,6.53851183470642,25,4.0
60,25,175,12.5,0.5,3.5,12.5,87.5,50.0,6.53851183470642,25,0.0
61,25,175,12.5,0.5,3.5,12.5,87.5,50.0,6.53851183470642,25,0.0
62,25,175,12.5,0.5,3.5,12.5,87.5,50.0,6.53851183470642,25,0.0
63,25,175,12.5,0.5,3.5,12.5,87.5,50.0,6.53851183470642,25,0.0
64,27,173,13.5,0.54,3.46,13.5,86.5,54.0,7.061592781482934,27,4.0
65,28,172,14.000000000000002,0.56,3.44,14.000000000000002,86.0,56.00000000000001,7.323133254871192,28,2.000000000000007
66,28,172,14.000000000000002,0.56,3.44,14.000000000000002,86.0,56.00000000000001,7.323133254871192,28,0.0
67,29,171,14.499999999999998,0.58,3.42,14.499999999999998,85.5,57.99999999999999,7.584673728259447,29,1.9999999999999858
68,29,171,14.499999999999998,0.58,3.42,14.499999999999998,85.5,57.99999999999999,7.584673728259447,29,0.0
69,29,171,14.499999999999998,0.58,3.42,14.499999999999998,85.5,57.99999999999999,7.584673728259447,29,0.0
70,30,170,15.0,0.6,3.4,15.0,85.0,60.0,7.846214201647704,30,2.000000000000007
71,30,170,15.0,0.6,3.4,15.0,85.0,60.0,7.846214201647704,30,0.0
72,30,170,15.0,0.6,3.4,15.0,85.0,60.0,7.846214201647704,30,0.0
73,30,170,15.0,0.6,3.4,15.0,85.0,60.0,7.846214201647704,30,0.0
74,30,170,15.0,0.6,3.4,15.0,85.0,60.0,7.846214201647704,30,0.0
75,30,170,15.0,0.6,3.4,15.0,85.0,60.0,7.846214201647704,30,0.0
76,30,170,15.0,0.6,3.4,15.0,85.0,60.0,7.846214201647704,30,0.0
77,31,169,15.5,0.62,3.38,15.5,84.5,62.0,8.107754675035961,31,2.0
78,32,168,16.0,0.64,3.36,16.0,84.0,64.0,8.369295148424218,32,2.0
79,32,168,16.0,0.64,3.36,16.0,84.0,64.0,8.369295148424218,32,0.0
80,33,167,16.5,0.66,3.34,16.5,83.5,66.0,8.630835621812475,33,2.0
81,34,166,17.0,0.68,3.32,17.0,83.0,68.0,8.892376095200733,34,2.0
82,34,166,17.0,0.68,3.32,17.0,83.0,68.0,8.892376095200733,34,0.0
83,34,166,17.0,0.68,3.32,17.0,83.0,68.0,8.892376095200733,34,0.0
84,34,166,17.0,0.68,3.32,17.0,83.0,68.0,8.892376095200733,34,0.0
85,35,165,17.5,0.7000000000000001,3.3,17.5,82.5,70.0,9.15391656858899,35,2.0
86,35,165,17.5,0.7000000000000001,3.3,17.5,82.5,70.0,9.15391656858899,35,0.0
87,36,164,18.0,0.72,3.2800000000000002,18.0,82.0,72.0,9.415457041977247,36,2.0
88,36,164,18.0,0.72,3.2800000000000002,18.0,82.0,72.0,9.415457041977247,36,0.0
89,36,164,18.0,0.72,3.2800000000000002,18.0,82.0,72.0,9.415457041977247,36,0.0
90,36,164,18.0,0.72,3.2800000000000002,18.0,82.0,72.0,9.415457041977247,36,0.0
91,36,164,18.0,0.72,3.2800000000000002,18.0,82.0,72.0,9.415457041977247,36,0.0
92,36,164,18.0,0.72,3.2800000000000002,18.0,82.0,72.0,9.415457041977247,36,0.0
93,36,164,18.0,0.72,3.2800000000000002,18.0,82.0,72.0,9.415457041977247,36,0.0
94,36,164,18.0,0.72,3.2800000000000002,18.0,82.0,72.0,9.415457041977247,36,0.0
95,38,162,19.0,0.76,3.24,19.0,81.0,76.0,9.93853798875376,38,4.0
96,39,161,19.5,0.78,3.2199999999999998,19.5,80.49999999999999,78.0,10.200078462142017,39,2.0
97,39,161,19.5,0.78,3.2199999999999998,19.5,80.49999999999999,78.0,10.200078462142017,39,0.0
98,39,161,19.5,0.78,3.2199999999999998,19.5,80.49999999999999,78.0,10.200078462142017,39,0.0
99,39,161,19.5,0.78,3.2199999999999998,19.5,80.49999999999999,78.0,10.200078462142017,39,0.0
100,39,161,19.5,0.78,3.2199999999999998,19.5,80.49999999999999,78.0,10.200078462142017,39,0.0
101,39,161,19.5,0.78,3.2199999999999998,19.5,80.49999999999999,78.0,10.200078462142017,39,0.0
102,39,161,19.5,0.78,3.2199999999999998,19.5,80.49999999999999,78.0,10.200078462142017,39,0.0
103,40,160,20.0,0.8,3.2,20.0,80.0,80.0,10.461618935530273,40,2.0
104,42,158,21.0,0.84,3.16,21.0,79.0,84.0,10.984699882306787,42,4.0
105,42,158,21.0,0.84,3.16,21.0,79.0,84.0,10.984699882306787,42,0.0
106,42,158,21.0,0.84,3.16,21.0,79.0,84.0,10.984699882306787,42,0.0
107,42,158,21.0,0.84,3.16,21.0,79.0,84.0,10.984699882306787,42,0.0
108,42,158,21.0,0.84,3.16,21.0,79.0,84.0,10.984699882306787,42,0.0
109,42,158,21.0,0.84,3.16,21.0,79.0,84.0,10.984699882306787,42,0.0
110,42,158,21.0,0.84,3.16,21.0,79.0,84.0,10.984699882306787,42,0.0
111,42,158,21.0,0.84,3.16,21.0,79.0,84.0,10.984699882306787,42,0.0
112,42,158,21.0,0.84,3.16,21.0,79.0,84.0,10.984699882306787,42,0.0
113,42,158,21.0,0.84,3.16,21.0,79.0,84.0,10.984699882306787,42,0.0
114,42,158,21.0,0.84,3.16,21.0,79.0,84.0,10.984699882306787,42,0.0
115,42,158,21.0,0.84,3.16,21.0,79.0,84.0,10.984699882306787,42,0.0
116,42,158,21.0,0.84,3.16,21.0,79.0,84.0,10.984699882306787,42,0.0
117,44,156,22.0,0.88,3.12,22.0,78.0,88.0,11.5077808290833,44,4.0
118,44,156,22.0,0.88,3.12,22.0,78.0,88.0,11.5077808290833,44,0.0
119,44,156,22.0,0.88,3.12,22.0,78.0,88.0,11.5077808290833,44,0.0
120,45,155,22.5,0.9,3.1,22.5,77.5,90.0,11.769321302471557,45,2.0
121,46,154,23.0,0.92,3.08,23.0,77.0,92.0,12.030861775859814,46,2.0
122,46,154,23.0,0.92,3.08,23.0,77.0,92.0,12.030861775859814,46,0.0
123,46,154,23.0,0.92,3.08,23.0,77.0,92.0,12.030861775859814,46,0.0
124,46,154,23.0,0.92,3.08,23.0,77.0,92.0,12.030861775859814,46,0.0
125,46,154,23.0,0.92,3.08,23.0,77.0,92.0,12.030861775859814,46,0.0
126,47,153,23.5,0.9400000000000001,3.06,23.5,76.5,94.0,12.29240224924807,47,2.0
127,47,153,23.5,0.9400000000000001,3.06,23.5,76.5,94.0,12.29240224924807,47,0.0
128,48,152,24.0,0.96,3.04,24.0,76.0,96.0,12.553942722636327,48,2.0
129,48,152,24.0,0.96,3.04,24.0,76.0,96.0,12.553942722636327,48,0.0
130,48,152,24.0,0.96,3.04,24.0,76.0,96.0,12.553942722636327,48,0.0
131,48,152,24.0,0.96,3.04,24.0,76.0,96.0,12.553942722636327,48,0.0
132,51,149,25.5,1.02,2.98,25.5,74.5,102.0,13.338564142801099,51,6.0
133,51,149,25.5,1.02,2.98,25.5,74.5,102.0,13.338564142801099,51,0.0
134,51,149,25.5,1.02,2.98,25.5,74.5,102.0,13.338564142801099,51,0.0
135,51,149,25.5,1.02,2.98,25.5,74.5,102.0,13.338564142801099,51,0.0
136,51,149,25.5,1.02,2.98,25.5,74.5,102.0,13.338564142801099,51,0.0
137,51,149,25.5,1.02,2.98,25.5,74.5,102.0,13.338564142801099,51,0.0
138,51,149,25.5,1.02,2.98,25.5,74.5,102.0,13.338564142801099,51,0.0
139,52,148,26.0,1.04,2.96,26.0,74.0,104.0,13.600104616189354,52,2.0
140,52,148,26.0,1.04,2.96,26.0,74.0,104.0,13.600104616189354,52,0.0
141,52,148,26.0,1.04,2.96,26.0,74.0,104.0,13.600104616189354,52,0.0
142,52,148,26.0,1.04,2.96,26.0,74.0,104.0,13.600104616189354,52,0.0
143,52,148,26.0,1.04,2.96,26.0,74.0,104.0,13.600104616189354,52,0.0
144,53,147,26.5,1.06,2.94,26.5,73.5,106.0,13.861645089577612,53,2.0
145,53,147,26.5,1.06,2.94,26.5,73.5,106.0,13.861645089577612,53,0.0
146,53,147,26.5,1.06,2.94,26.5,73.5,106.0,13.861645089577612,53,0.0
147,53,147,26.5,1.06,2.94,26.5,73.5,106.0,13.861645089577612,53,0.0
148,53,147,26.5,1.06,2.94,26.5,73.5,106.0,13.861645089577612,53,0.0
149,53,147,26.5,1.06,2.94,26.5,73.5,106.0,13.861645089577612,53,0.0
150,53,147,26.5,1.06,2.94,26.5,73.5,106.0,13.861645089577612,53,0.0
151,53,147,26.5,1.06,2.94,26.5,73.5,106.0,13.861645089577612,53,0.0
152,53,147,26.5,1.06,2.94,26.5,73.5,106.0,13.861645089577612,53,0.0
153,53,147,26.5,1.06,2.94,26.5,73.5,106.0,13.861645089577612,53,0.0
154,53,147,26.5,1.06,2.94,26.5,73.5,106.0,13.861645089577612,53,0.0
155,53,147,26.5,1.06,2.94,26.5,73.5,106.0,13.861645089577612,53,0.0
156,53,147,26.5,1.06,2.94,26.5,73.5,106.0,13.861645089577612,53,0.0
157,53,147,26.5,1.06,2.94,26.5,73.5,106.0,13.861645089577612,53,0.0
158,53,147,26.5,1.06,2.94,26.5,73.5,106.0,13.861645089577612,53,0.0
159,53,147,26.5,1.06,2.94,26.5,73.5,106.0,13.861645089577612,53,0.0
160,53,147,26.5,1.06,2.94,26.5,73.5,106.0,13.861645089577612,53,0.0
161,54,146,27.0,1.08,2.92,27.0,73.0,108.0,14.123185562965867,54,2.0
162,54,146,27.0,1.08,2.92,27.0,73.0,108.0,14.123185562965867,54,0.0
163,54,146,27.0,1.08,2.92,27.0,73.0,108.0,14.123185562965867,54,0.0
164,55,145,27.500000000000004,1.1,2.9,27.5,72.5,110.0,14.384726036354126,55,2.0
165,55,145,27.500000000000004,1.1,2.9,27.5,72.5,110.0,14.384726036354126,55,0.0
166,55,145,27.500000000000004,1.1,2.9,27.5,72.5,110.0,14.384726036354126,55,0.0
167,55,145,27.500000000000004,1.1,2.9,27.5,72.5,110.0,14.384726036354126,55,0.0
168,55,145,27.500000000000004,1.1,2.9,27.5,72.5,110.0,14.384726036354126,55,0.0
169,55,145,27.500000000000004,1.1,2.9,27.5,72.5,110.0,14.384726036354126,55,0.0
170,55,145,27.500000000000004,1.1,2.9,27.5,72.5,110.0,14.384726036354126,55,0.0
171,55,145,27.500000000000004,1.1,2.9,27.5,72.5,110.0,14.384726036354126,55,0.0
172,55,145,27.500000000000004,1.1,2.9,27.5,72.5,110.0,14.384726036354126,55,0.0
173,55,145,27.500000000000004,1.1,2.9,27.5,72.5,110.0,14.384726036354126,55,0.0
174,56,144,28.000000000000004,1.12,2.88,28.000000000000004,72.0,112.00000000000001,14.646266509742384,56,2.000000000000014
175,56,144,28.000000000000004,1.12,2.88,28.000000000000004,72.0,112.00000000000001,14.646266509742384,56,0.0
176,56,144,28.000000000000004,1.12,2.88,28.000000000000004,72.0,112.00000000000001,14.646266509742384,56,0.0
177,56,144,28.000000000000004,1.12,2.88,28.000000000000004,72.0,112.00000000000001,14.646266509742384,56,0.0
178,56,144,28.000000000000004,1.12,2.88,28.000000000000004,72.0,112.00000000000001,14.646266509742384,56,0.0
179,57,143,28.499999999999996,1.1400000000000001,2.86,28.500000000000004,71.5,114.00000000000001,14.907806983130639,57,2.0
180,57,143,28.499999999999996,1.1400000000000001,2.86,28.500000000000004,71.5,114.00000000000001,14.907806983130639,57,0.0
181,57,143,28.499999999999996,1.1400000000000001,2.86,28.500000000000004,71.5,114.00000000000001,14.907806983130639,57,0.0
182,57,143,28.499999999999996,1.1400000000000001,2.86,28.500000000000004,71.5,114.00000000000001,14.907806983130639,57,0.0
183,57,143,28.499999999999996,1.1400000000000001,2.86,28.500000000000004,71.5,114.00000000000001,14.907806983130639,57,0.0
184,57,143,28.499999999999996,1.1400000000000001,2.86,28.500000000000004,71.5,114.00000000000001,14.907806983130639,57,0.0
185,57,143,28.499999999999996,1.1400000000000001,2.86,28.500000000000004,71.5,114.00000000000001,14.907806983130639,57,0.0
186,58,142,28.999999999999996,1.16,2.84,28.999999999999996,71.0,115.99999999999999,15.169347456518894,58,1.9999999999999716
187,58,142,28.999999999999996,1.16,2.84,28.999999999999996,71.0,115.99999999999999,15.169347456518894,58,0.0
188,58,142,28.999999999999996,1.16,2.84,28.999999999999996,71.0,115.99999999999999,15.169347456518894,58,0.0
189,59,141,29.5,1.18,2.8200000000000003,29.499999999999996,70.5,117.99999999999999,15.43088792990715,59,2.0
190,60,140,30.0,1.2,2.8,30.0,70.0,120.0,15.692428403295407,60,2.000000000000014
191,60,140,30.0,1.2,2.8,30.0,70.0,120.0,15.692428403295407,60,0.0
192,61,139,30.5,1.22,2.7800000000000002,30.5,69.5,122.0,15.953968876683666,61,2.0
193,62,138,31.0,1.24,2.76,31.0,69.0,124.0,16.215509350071923,62,2.0
194,63,137,31.5,1.26,2.74,31.5,68.5,126.0,16.47704982346018,63,2.0
195,63,137,31.5,1.26,2.74,31.5,68.5,126.0,16.47704982346018,63,0.0
196,63,137,31.5,1.26,2.74,31.5,68.5,126.0,16.47704982346018,63,0.0
197,64,136,32.0,1.28,2.7199999999999998,32.0,67.99999999999999,128.0,16.738590296848436,64,2.0
198,64,136,32.0,1.28,2.7199999999999998,32.0,67.99999999999999,128.0,16.738590296848436,64,0.0
199,64,136,32.0,1.28,2.7199999999999998,32.0,67.99999999999999,128.0,16.738590296848436,64,0.0
200,64,136,32.0,1.28,2.7199999999999998,32.0,67.99999999999999,128.0,16.738590296848436,64,0.0
201,64,136,32.0,1.28,2.7199999999999998,32.0,67.99999999999999,128.0,16.738590296848436,64,0.0
202,65,135,32.5,1.3,2.7,32.5,67.5,130.0,17.000130770236694,65,2.0
203,66,134,33.0,1.32,2.6799999999999997,33.0,66.99999999999999,132.0,17.26167124362495,66,2.0
204,66,134,33.0,1.32,2.6799999999999997,33.0,66.99999999999999,132.0,17.26167124362495,66,0.0
205,66,134,33.0,1.32,2.6799999999999997,33.0,66.99999999999999,132.0,17.26167124362495,66,0.0
206,66,134,33.0,1.32,2.6799999999999997,33.0,66.99999999999999,132.0,17.26167124362495,66,0.0
207,68,132,34.0,1.36,2.6399999999999997,34.0,65.99999999999999,136.0,17.784752190401466,68,4.0
208,68,132,34.0,1.36,2.6399999999999997,34.0,65.99999999999999,136.0,17.784752190401466,68,0.0
209,68,132,34.0,1.36,2.6399999999999997,34.0,65.99999999999999,136.0,17.784752190401466,68,0.0
210,68,132,34.0,1.36,2.6399999999999997,34.0,65.99999999999999,136.0,17.784752190401466,68,0.0
211,69,131,34.5,1.3800000000000001,2.62,34.5,65.5,138.0,18.04629266378972,69,2.0
212,69,131,34.5,1.3800000000000001,2.62,34.5,65.5,138.0,18.04629266378972,69,0.0
213,70,130,35.0,1.4000000000000001,2.5999999999999996,35.0,64.99999999999999,140.0,18.30783313717798,70,2.0
214,70,130,35.0,1.4000000000000001,2.5999999999999996,35.0,64.99999999999999,140.0,18.30783313717798,70,0.0
215,71,129,35.5,1.42,2.58,35.5,64.5,142.0,18.569373610566235,71,2.0
216,71,129,35.5,1.42,2.58,35.5,64.5,142.0,18.569373610566235,71,0.0
217,71,129,35.5,1.42,2.58,35.5,64.5,142.0,18.569373610566235,71,0.0
218,71,129,35.5,1.42,2.58,35.5,64.5,142.0,18.569373610566235,71,0.0
219,71,129,35.5,1.42,2.58,35.5,64.5,142.0,18.569373610566235,71,0.0
220,71,129,35.5,1.42,2.58,35.5,64.5,142.0,18.569373610566235,71,0.0
221,71,129,35.5,1.42,2.58,35.5,64.5,142.0,18.569373610566235,71,0.0
222,71,129,35.5,1.42,2.58,35.5,64.5,142.0,18.569373610566235,71,0.0
223,71,129,35.5,1.42,2.58,35.5,64.5,142.0,18.569373610566235,71,0.0
224,71,129,35.5,1.42,2.58,35.5,64.5,142.0,18.569373610566235,71,0.0
225,71,129,35.5,1.42,2.58,35.5,64.5,142.0,18.569373610566235,71,0.0
226,71,129,35.5,1.42,2.58,35.5,64.5,142.0,18.569373610566235,71,0.0
227,71,129,35.5,1.42,2.58,35.5,64.5,142.0,18.569373610566235,71,0.0
228,72,128,36.0,1.44,2.56,36.0,64.0,144.0,18.830914083954493,72,2.0
229,72,128,36.0,1.44,2.56,36.0,64.0,144.0,18.830914083954493,72,0.0
230,72,128,36.0,1.44,2.56,36.0,64.0,144.0,18.830914083954493,72,0.0
231,72,128,36.0,1.44,2.56,36.0,64.0,144.0,18.830914083954493,72,0.0
232,72,128,36.0,1.44,2.56,36.0,64.0,144.0,18.830914083954493,72,0.0
233,72,128,36.0,1.44,2.56,36.0,64.0,144.0,18.830914083954493,72,0.0
234,73,127,36.5,1.46,2.54,36.5,63.5,146.0,19.092454557342748,73,2.0
235,73,127,36.5,1.46,2.54,36.5,63.5,146.0,19.092454557342748,73,0.0
236,73,127,36.5,1.46,2.54,36.5,63.5,146.0,19.092454557342748,73,0.0
237,73,127,36.5,1.46,2.54,36.5,63.5,146.0,19.092454557342748,73,0.0
238,73,127,36.5,1.46,2.54,36.5,63.5,146.0,19.092454557342748,73,0.0
239,74,126,37.0,1.48,2.52,37.0,63.0,148.0,19.353995030731006,74,2.0
240,74,126,37.0,1.48,2.52,37.0,63.0,148.0,19.353995030731006,74,0.0
241,75,125,37.5,1.5,2.5,37.5,62.5,150.0,19.61553550411926,75,2.0
242,75,125,37.5,1.5,2.5,37.5,62.5,150.0,19.61553550411926,75,0.0
243,75,125,37.5,1.5,2.5,37.5,62.5,150.0,19.61553550411926,75,0.0
244,76,124,38.0,1.52,2.48,38.0,62.0,152.0,19.87707597750752,76,2.0
245,76,124,38.0,1.52,2.48,38.0,62.0,152.0,19.87707597750752,76,0.0
246,76,124,38.0,1.52,2.48,38.0,62.0,152.0,19.87707597750752,76,0.0
247,76,124,38.0,1.52,2.48,38.0,62.0,152.0,19.87707597750752,76,0.0
248,76,124,38.0,1.52,2.48,38.0,62.0,152.0,19.87707597750752,76,0.0
249,76,124,38.0,1.52,2.48,38.0,62.0,152.0,19.87707597750752,76,0.0
250,76,124,38.0,1.52,2.48,38.0,62.0,152.0,19.87707597750752,76,0.0
251,76,124,38.0,1.52,2.48,38.0,62.0,152.0,19.87707597750752,76,0.0
252,76,124,38.0,1.52,2.48,38.0,62.0,152.0,19.87707597750752,76,0.0
253,76,124,38.0,1.52,2.48,38.0,62.0,152.0,19.87707597750752,76,0.0
254,76,124,38.0,1.52,2.48,38.0,62.0,152.0,19.87707597750752,76,0.0
255,76,124,38.0,1.52,2.48,38.0,62.0,152.0,19.87707597750752,76,0.0
256,76,124,38.0,1.52,2.48,38.0,62.0,152.0,19.87707597750752,76,0.0
257,76,124,38.0,1.52,2.48,38.0,62.0,152.0,19.87707597750752,76,0.0
258,76,124,38.0,1.52,2.48,38.0,62.0,152.0,19.87707597750752,76,0.0
259,76,124,38.0,1.52,2.48,38.0,62.0,152.0,19.87707597750752,76,0.0
260,76,124,38.0,1.52,2.48,38.0,62.0,152.0,19.87707597750752,76,0.0
261,76,124,38.0,1.52,2.48,38.0,62.0,152.0,19.87707597750752,76,0.0
262,76,124,38.0,1.52,2.48,38.0,62.0,152.0,19.87707597750752,76,0.0
263,76,124,38.0,1.52,2.48,38.0,62.0,152.0,19.87707597750752,76,0.0
264,76,124,38.0,1.52,2.48,38.0,62.0,152.0,19.87707597750752,76,0.0
265,76,124,38.0,1.52,2.48,38.0,62.0,152.0,19.87707597750752,76,0.0
266,76,124,38.0,1.52,2.48,38.0,62.0,152.0,19.87707597750752,76,0.0
267,76,124,38.0,1.52,2.48,38.0,62.0,152.0,19.87707597750752,76,0.0
268,76,124,38.0,1.52,2.48,38.0,62.0,152.0,19.87707597750752,76,0.0
269,76,124,38.0,1.52,2.48,38.0,62.0,152.0,19.87707597750752,76,0.0
270,76,124,38.0,1.52,2.48,38.0,62.0,152.0,19.87707597750752,76,0.0
271,76,124,38.0,1.52,2.48,38.0,62.0,152.0,19.87707597750752,76,0.0
272,76,124,38.0,1.52,2.48,38.0,62.0,152.0,19.87707597750752,76,0.0
273,78,122,39.0,1.56,2.44,39.0,61.0,156.0,20.400156924284033,78,4.0
274,78,122,39.0,1.56,2.44,39.0,61.0,156.0,20.400156924284033,78,0.0
275,79,121,39.5,1.58,2.42,39.5,60.5,158.0,20.661697397672288,79,2.0
276,79,121,39.5,1.58,2.42,39.5,60.5,158.0,20.661697397672288,79,0.0
277,80,120,40.0,1.6,2.4,40.0,60.0,160.0,20.923237871060547,80,2.0
278,80,120,40.0,1.6,2.4,40.0,60.0,160.0,20.923237871060547,81,0.0
279,80,120,40.0,1.6,2.4,40.0,60.0,160.0,20.923237871060547,82,0.0
280,80,120,40.0,1.6,2.4,40.0,60.0,160.0,20.923237871060547,83,0.0
281,80,120,40.0,1.6,2.4,40.0,60.0,160.0,20.923237871060547,84,0.0
282,80,120,40.0,1.6,2.4,40.0,60.0,160.0,20.923237871060547,84,0.0
283,80,120,40.0,1.6,2.4,40.0,60.0,160.0,20.923237871060547,85,0.0
284,80,120,40.0,1.6,2.4,40.0,60.0,160.0,20.923237871060547,85,0.0
285,81,119,40.5,1.62,2.38,40.5,59.49999999999999,162.0,21.1847783444488,86,2.0
286,81,119,40.5,1.62,2.38,40.5,59.49999999999999,162.0,21.1847783444488,86,0.0
287,81,119,40.5,1.62,2.38,40.5,59.49999999999999,162.0,21.1847783444488,86,0.0
288,82,118,41.0,1.6400000000000001,2.36,41.0,58.99999999999999,164.0,21.44631881783706,87,2.0
289,82,118,41.0,1.6400000000000001,2.36,41.0,58.99999999999999,164.0,21.44631881783706,87,0.0
290,82,118,41.0,1.6400000000000001,2.36,41.0,58.99999999999999,164.0,21.44631881783706,87,0.0
291,82,118,41.0,1.6400000000000001,2.36,41.0,58.99999999999999,164.0,21.44631881783706,87,0.0
292,83,117,41.5,1.6600000000000001,2.34,41.5,58.49999999999999,166.0,21.707859291225315,88,2.0
293,83,117,41.5,1.6600000000000001,2.34,41.5,58.49999999999999,166.0,21.707859291225315,88,0.0
294,83,117,41.5,1.6600000000000001,2.34,41.5,58.49999999999999,166.0,21.707859291225315,89,0.0
295,83,117,41.5,1.6600000000000001,2.34,41.5,58.49999999999999,166.0,21.707859291225315,89,0.0
296,83,117,41.5,1.6600000000000001,2.34,41.5,58.49999999999999,166.0,21.707859291225315,90,0.0
297,83,117,41.5,1.6600000000000001,2.34,41.5,58.49999999999999,166.0,21.707859291225315,91,0.0
298,83,117,41.5,1.6600000000000001,2.34,41.5,58.49999999999999,166.0,21.707859291225315,91,0.0
299,83,117,41.5,1.6600000000000001,2.34,41.5,58.49999999999999,166.0,21.707859291225315,91,0.0
300,83,117,41.5,1.6600000000000001,2.34,41.5,58.49999999999999,166.0,21.707859291225315,91,0.0
301,83,117,41.5,1.6600000000000001,2.34,41.5,58.49999999999999,166.0,21.707859291225315,91,0.0
302,84,116,42.0,1.68,2.3200000000000003,42.0,58.00000000000001,168.0,21.969399764613573,92,2.0
303,85,115,42.5,1.7,2.3,42.5,57.49999999999999,170.0,22.23094023800183,93,2.0
304,86,114,43.0,1.72,2.2800000000000002,43.0,57.00000000000001,172.0,22.492480711390087,94,2.0
305,86,114,43.0,1.72,2.2800000000000002,43.0,57.00000000000001,172.0,22.492480711390087,94,0.0
306,86,114,43.0,1.72,2.2800000000000002,43.0,57.00000000000001,172.0,22.492480711390087,94,0.0
307,86,114,43.0,1.72,2.2800000000000002,43.0,57.00000000000001,172.0,22.492480711390087,94,0.0
308,86,114,43.0,1.72,2.2800000000000002,43.0,57.00000000000001,172.0,22.492480711390087,94,0.0
309,86,114,43.0,1.72,2.2800000000000002,43.0,57.00000000000001,172.0,22.492480711390087,94,0.0
310,86,114,43.0,1.72,2.2800000000000002,43.0,57.00000000000001,172.0,22.492480711390087,94,0.0
311,86,114,43.0,1.72,2.2800000000000002,43.0,57.00000000000001,172.0,22.492480711390087,94,0.0
312,86,114,43.0,1.72,2.2800000000000002,43.0,57.00000000000001,172.0,22.492480711390087,94,0.0
313,86,114,43.0,1.72,2.2800000000000002,43.0,57.00000000000001,172.0,22.492480711390087,94,0.0
314,86,114,43.0,1.72,2.2800000000000002,43.0,57.00000000000001,172.0,22.492480711390087,94,0.0
315,86,114,43.0,1.72,2.2800000000000002,43.0,57.00000000000001,172.0,22.492480711390087,94,0.0
316,86,114,43.0,1.72,2.2800000000000002,43.0,57.00000000000001,172.0,22.492480711390087,94,0.0
317,86,114,43.0,1.72,2.2800000000000002,43.0,57.00000000000001,172.0,22.492480711390087,94,0.0
318,86,114,43.0,1.72,2.2800000000000002,43.0,57.00000000000001,172.0,22.492480711390087,94,0.0
319,86,114,43.0,1.72,2.2800000000000002,43.0,57.00000000000001,172.0,22.492480711390087,94,0.0
320,86,114,43.0,1.72,2.2800000000000002,43.0,57.00000000000001,172.0,22.492480711390087,94,0.0
321,86,114,43.0,1.72,2.2800000000000002,43.0,57.00000000000001,172.0,22.492480711390087,94,0.0
322,87,113,43.5,1.74,2.26,43.5,56.49999999999999,174.0,22.754021184778342,95,2.0
323,87,113,43.5,1.74,2.26,43.5,56.49999999999999,174.0,22.754021184778342,95,0.0
324,87,113,43.5,1.74,2.26,43.5,56.49999999999999,174.0,22.754021184778342,95,0.0
325,87,113,43.5,1.74,2.26,43.5,56.49999999999999,174.0,22.754021184778342,95,0.0
326,87,113,43.5,1.74,2.26,43.5,56.49999999999999,174.0,22.754021184778342,95,0.0
327,87,113,43.5,1.74,2.26,43.5,56.49999999999999,174.0,22.754021184778342,95,0.0
328,87,113,43.5,1.74,2.26,43.5,56.49999999999999,174.0,22.754021184778342,95,0.0
329,87,113,43.5,1.74,2.26,43.5,56.49999999999999,174.0,22.754021184778342,95,0.0
330,87,113,43.5,1.74,2.26,43.5,56.49999999999999,174.0,22.754021184778342,95,0.0
331,87,113,43.5,1.74,2.26,43.5,56.49999999999999,174.0,22.754021184778342,95,0.0
332,87,113,43.5,1.74,2.26,43.5,56.49999999999999,174.0,22.754021184778342,95,0.0
333,87,113,43.5,1.74,2.26,43.5,56.49999999999999,174.0,22.754021184778342,95,0.0
334,87,113,43.5,1.74,2.26,43.5,56.49999999999999,174.0,22.754021184778342,95,0.0
335,87,113,43.5,1.74,2.26,43.5,56.49999999999999,174.0,22.754021184778342,95,0.0
336,87,113,43.5,1.74,2.26,43.5,56.49999999999999,174.0,22.754021184778342,95,0.0
337,87,113,43.5,1.74,2.26,43.5,56.49999999999999,174.0,22.754021184778342,95,0.0
338,87,113,43.5,1.74,2.26,43.5,56.49999999999999,174.0,22.754021184778342,95,0.0
339,88,112,44.0,1.76,2.24,44.0,56.00000000000001,176.0,23.0155616581666,96,2.0
340,88,112,44.0,1.76,2.24,44.0,56.00000000000001,176.0,23.0155616581666,96,0.0
341,88,112,44.0,1.76,2.24,44.0,56.00000000000001,176.0,23.0155616581666,96,0.0
342,88,112,44.0,1.76,2.24,44.0,56.00000000000001,176.0,23.0155616581666,96,0.0
343,88,112,44.0,1.76,2.24,44.0,56.00000000000001,176.0,23.0155616581666,96,0.0
344,88,112,44.0,1.76,2.24,44.0,56.00000000000001,176.0,23.0155616581666,96,0.0
345,88,112,44.0,1.76,2.24,44.0,56.00000000000001,176.0,23.0155616581666,96,0.0
346,88,112,44.0,1.76,2.24,44.0,56.00000000000001,176.0,23.0155616581666,96,0.0
347,88,112,44.0,1.76,2.24,44.0,56.00000000000001,176.0,23.0155616581666,96,0.0
348,88,112,44.0,1.76,2.24,44.0,56.00000000000001,176.0,23.0155616581666,96,0.0
349,88,112,44.0,1.76,2.24,44.0,56.00000000000001,176.0,23.0155616581666,96,0.0
350,89,111,44.5,1.78,2.2199999999999998,44.5,55.49999999999999,178.0,23.277102131554855,97,2.0
351,89,111,44.5,1.78,2.2199999999999998,44.5,55.49999999999999,178.0,23.277102131554855,97,0.0
352,89,111,44.5,1.78,2.2199999999999998,44.5,55.49999999999999,178.0,23.277102131554855,97,0.0
353,89,111,44.5,1.78,2.2199999999999998,44.5,55.49999999999999,178.0,23.277102131554855,97,0.0
354,89,111,44.5,1.78,2.2199999999999998,44.5,55.49999999999999,178.0,23.277102131554855,97,0.0
355,89,111,44.5,1.78,2.2199999999999998,44.5,55.49999999999999,178.0,23.277102131554855,97,0.0
356,89,111,44.5,1.78,2.2199999999999998,44.5,55.49999999999999,178.0,23.277102131554855,97,0.0
357,89,111,44.5,1.78,2.2199999999999998,44.5,55.49999999999999,178.0,23.277102131554855,97,0.0
358,89,111,44.5,1.78,2.2199999999999998,44.5,55.49999999999999,178.0,23.277102131554855,97,0.0
359,89,111,44.5,1.78,2.2199999999999998,44.5,55.49999999999999,178.0,23.277102131554855,97,0.0
360,89,111,44.5,1.78,2.2199999999999998,44.5,55.49999999999999,178.0,23.277102131554855,97,0.0
361,89,111,44.5,1.78,2.2199999999999998,44.5,55.49999999999999,178.0,23.277102131554855,97,0.0
362,90,110,45.0,1.8,2.2,45.0,55.0,180.0,23.538642604943114,98,2.0
363,90,110,45.0,1.8,2.2,45.0,55.0,180.0,23.538642604943114,98,0.0
364,90,110,45.0,1.8,2.2,45.0,55.0,180.0,23.538642604943114,98,0.0
365,90,110,45.0,1.8,2.2,45.0,55.0,180.0,23.538642604943114,98,0.0
366,90,110,45.0,1.8,2.2,45.0,55.0,180.0,23.538642604943114,98,0.0
367,90,110,45.0,1.8,2.2,45.0,55.0,180.0,23.538642604943114,98,0.0
368,90,110,45.0,1.8,2.2,45.0,55.0,180.0,23.538642604943114,98,0.0
369,91,109,45.5,1.82,2.1799999999999997,45.5,54.49999999999999,182.0,23.800183078331372,99,2.0
370,91,109,45.5,1.82,2.1799999999999997,45.5,54.49999999999999,182.0,23.800183078331372,99,0.0
371,91,109,45.5,1.82,2.1799999999999997,45.5,54.49999999999999,182.0,23.800183078331372,99,0.0
372,91,109,45.5,1.82,2.1799999999999997,45.5,54.49999999999999,182.0,23.800183078331372,99,0.0
373,91,109,45.5,1.82,2.1799999999999997,45.5,54.49999999999999,182.0,23.800183078331372,99,0.0
374,92,108,46.0,1.84,2.16,46.0,54.0,184.0,24.061723551719627,100,2.0
375,92,108,46.0,1.84,2.16,46.0,54.0,184.0,24.061723551719627,100,0.0
376,92,108,46.0,1.84,2.16,46.0,54.0,184.0,24.061723551719627,100,0.0
377,92,108,46.0,1.84,2.16,46.0,54.0,184.0,24.061723551719627,100,0.0
378,92,108,46.0,1.84,2.16,46.0,54.0,184.0,24.061723551719627,100,0.0
379,92,108,46.0,1.84,2.16,46.0,54.0,184.0,24.061723551719627,100,0.0
380,92,108,46.0,1.84,2.16,46.0,54.0,184.0,24.061723551719627,100,0.0
381,92,108,46.0,1.84,2.16,46.0,54.0,184.0,24.061723551719627,100,0.0
382,92,108,46.0,1.84,2.16,46.0,54.0,184.0,24.061723551719627,100,0.0
383,92,108,46.0,1.84,2.16,46.0,54.0,184.0,24.061723551719627,100,0.0
384,92,108,46.0,1.84,2.16,46.0,54.0,184.0,24.061723551719627,100,0.0
385,92,108,46.0,1.84,2.16,46.0,54.0,184.0,24.061723551719627,100,0.0
386,92,108,46.0,1.84,2.16,46.0,54.0,184.0,24.061723551719627,100,0.0
387,92,108,46.0,1.84,2.16,46.0,54.0,184.0,24.061723551719627,100,0.0
388,92,108,46.0,1.84,2.16,46.0,54.0,184.0,24.061723551719627,100,0.0
389,92,108,46.0,1.84,2.16,46.0,54.0,184.0,24.061723551719627,100,0.0
390,92,108,46.0,1.84,2.16,46.0,54.0,184.0,24.061723551719627,100,0.0
391,92,108,46.0,1.84,2.16,46.0,54.0,184.0,24.061723551719627,100,0.0
392,92,108,46.0,1.84,2.16,46.0,54.0,184.0,24.061723551719627,100,0.0
393,92,108,46.0,1.84,2.16,46.0,54.0,184.0,24.061723551719627,100,0.0
394,92,108,46.0,1.84,2.16,46.0,54.0,184.0,24.061723551719627,100,0.0
395,92,108,46.0,1.84,2.16,46.0,54.0,184.0,24.061723551719627,100,0.0
396,92,108,46.0,1.84,2.16,46.0,54.0,184.0,24.061723551719627,100,0.0
397,92,108,46.0,1.84,2.16,46.0,54.0,184.0,24.061723551719627,100,0.0
398,92,108,46.0,1.84,2.16,46.0,54.0,184.0,24.061723551719627,100,0.0
399,93,107,46.5,1.86,2.1399999999999997,46.5,53.49999999999999,186.0,24.323264025107886,101,2.0
400,93,107,46.5,1.86,2.1399999999999997,46.5,53.49999999999999,186.0,24.323264025107886,101,0.0
